12-Jun-2026 09:38:25.921 INFO [main] org.apache.catalina.startup.VersionLoggerListener.log Server version name:   Apache Tomcat/9.0.118
12-Jun-2026 09:38:25.948 INFO [main] org.apache.catalina.startup.VersionLoggerListener.log Server built:          May 1 2026 19:30:30 UTC
12-Jun-2026 09:38:25.948 INFO [main] org.apache.catalina.startup.VersionLoggerListener.log Server version number: 9.0.118.0
12-Jun-2026 09:38:25.949 INFO [main] org.apache.catalina.startup.VersionLoggerListener.log OS Name:               Windows 10
12-Jun-2026 09:38:25.949 INFO [main] org.apache.catalina.startup.VersionLoggerListener.log OS Version:            10.0
12-Jun-2026 09:38:25.949 INFO [main] org.apache.catalina.startup.VersionLoggerListener.log Architecture:          amd64
12-Jun-2026 09:38:25.949 INFO [main] org.apache.catalina.startup.VersionLoggerListener.log Java Home:             D:\JDKLibrary\jdk-21
12-Jun-2026 09:38:25.950 INFO [main] org.apache.catalina.startup.VersionLoggerListener.log JVM Version:           21+35-2513
12-Jun-2026 09:38:25.950 INFO [main] org.apache.catalina.startup.VersionLoggerListener.log JVM Vendor:            Oracle Corporation
12-Jun-2026 09:38:25.950 INFO [main] org.apache.catalina.startup.VersionLoggerListener.log CATALINA_BASE:         D:\Classic\VD\jav101-lab6-LQBAOBAO-cyber\.tomcat
12-Jun-2026 09:38:25.950 INFO [main] org.apache.catalina.startup.VersionLoggerListener.log CATALINA_HOME:         D:\apache-tomcat-9.0.118-windows-x64\apache-tomcat-9.0.118
12-Jun-2026 09:38:25.982 INFO [main] org.apache.catalina.startup.VersionLoggerListener.log Command line argument: --add-opens=java.base/java.lang=ALL-UNNAMED
12-Jun-2026 09:38:25.983 INFO [main] org.apache.catalina.startup.VersionLoggerListener.log Command line argument: --add-opens=java.base/java.io=ALL-UNNAMED
12-Jun-2026 09:38:25.983 INFO [main] org.apache.catalina.startup.VersionLoggerListener.log Command line argument: --add-opens=java.base/java.util=ALL-UNNAMED
12-Jun-2026 09:38:25.983 INFO [main] org.apache.catalina.startup.VersionLoggerListener.log Command line argument: --add-opens=java.base/java.util.concurrent=ALL-UNNAMED
12-Jun-2026 09:38:25.983 INFO [main] org.apache.catalina.startup.VersionLoggerListener.log Command line argument: --add-opens=java.rmi/sun.rmi.transport=ALL-UNNAMED
12-Jun-2026 09:38:25.984 INFO [main] org.apache.catalina.startup.VersionLoggerListener.log Command line argument: -Dcatalina.home=D:\apache-tomcat-9.0.118-windows-x64\apache-tomcat-9.0.118
12-Jun-2026 09:38:25.984 INFO [main] org.apache.catalina.startup.VersionLoggerListener.log Command line argument: -Dcatalina.base=D:\Classic\VD\jav101-lab6-LQBAOBAO-cyber\.tomcat
12-Jun-2026 09:38:25.984 INFO [main] org.apache.catalina.startup.VersionLoggerListener.log Command line argument: -Djava.io.tmpdir=D:\Classic\VD\jav101-lab6-LQBAOBAO-cyber\.tomcat\temp
12-Jun-2026 09:38:25.984 INFO [main] org.apache.catalina.startup.VersionLoggerListener.log Command line argument: -Djava.util.logging.config.file=D:\Classic\VD\jav101-lab6-LQBAOBAO-cyber\.tomcat\conf\logging.properties
12-Jun-2026 09:38:25.984 INFO [main] org.apache.catalina.startup.VersionLoggerListener.log Command line argument: -Djava.util.logging.manager=org.apache.juli.ClassLoaderLogManager
12-Jun-2026 09:38:25.988 INFO [main] org.apache.catalina.startup.VersionLoggerListener.log Command line argument: -javaagent:C:\Program Files\JetBrains\IntelliJ IDEA 2026.1.1\lib\idea_rt.jar=58813
12-Jun-2026 09:38:25.989 INFO [main] org.apache.catalina.startup.VersionLoggerListener.log Command line argument: -Dfile.encoding=UTF-8
12-Jun-2026 09:38:25.989 INFO [main] org.apache.catalina.startup.VersionLoggerListener.log Command line argument: -Dsun.stdout.encoding=UTF-8
12-Jun-2026 09:38:25.990 INFO [main] org.apache.catalina.startup.VersionLoggerListener.log Command line argument: -Dsun.stderr.encoding=UTF-8
12-Jun-2026 09:38:26.180 INFO [main] org.apache.catalina.core.AprLifecycleListener.lifecycleEvent Loaded Apache Tomcat Native library [1.3.7] using APR version [1.7.6].
12-Jun-2026 09:38:26.183 INFO [main] org.apache.catalina.core.AprLifecycleListener.lifecycleEvent APR capabilities: IPv6 [true], sendfile [true], accept filters [false], random [true], UDS [true].
12-Jun-2026 09:38:26.183 INFO [main] org.apache.catalina.core.AprLifecycleListener.lifecycleEvent APR/OpenSSL configuration: useAprConnector [false], useOpenSSL [true]
12-Jun-2026 09:38:26.209 INFO [main] org.apache.catalina.core.AprLifecycleListener.initializeSSL OpenSSL successfully initialized [OpenSSL 3.0.19 27 Jan 2026]
12-Jun-2026 09:38:27.787 INFO [main] org.apache.coyote.AbstractProtocol.init Initializing ProtocolHandler ["http-nio-8080"]
12-Jun-2026 09:38:27.968 INFO [main] org.apache.catalina.startup.Catalina.load Server initialization in [3203] milliseconds
12-Jun-2026 09:38:28.215 INFO [main] org.apache.catalina.core.StandardService.startInternal Starting service [Catalina]
12-Jun-2026 09:38:28.215 INFO [main] org.apache.catalina.core.StandardEngine.startInternal Starting Servlet engine: [Apache Tomcat/9.0.118]
12-Jun-2026 09:38:28.254 INFO [main] org.apache.catalina.startup.HostConfig.deployDescriptor Deploying deployment descriptor [D:\Classic\VD\jav101-lab6-LQBAOBAO-cyber\.tomcat\conf\Catalina\localhost\jav101-lab6-LQBAOBAO-cyber.xml]
12-Jun-2026 09:38:30.996 INFO [main] org.apache.jasper.servlet.TldScanner.scanJars At least one JAR was scanned for TLDs yet contained no TLDs. Enable debug logging for this logger for a complete list of JARs that were scanned but no TLDs were found in them. Skipping unneeded JARs during scanning can improve startup time and JSP compilation time.
12-Jun-2026 09:38:31.667 INFO [main] org.apache.catalina.startup.HostConfig.deployDescriptor Deployment of deployment descriptor [D:\Classic\VD\jav101-lab6-LQBAOBAO-cyber\.tomcat\conf\Catalina\localhost\jav101-lab6-LQBAOBAO-cyber.xml] has finished in [3,397] ms
12-Jun-2026 09:38:31.743 INFO [main] org.apache.coyote.AbstractProtocol.start Starting ProtocolHandler ["http-nio-8080"]
12-Jun-2026 09:38:32.227 INFO [main] org.apache.catalina.startup.Catalina.start Server startup in [4252] milliseconds
12-Jun-2026 09:39:13.620 INFO [Thread-1] org.apache.coyote.AbstractProtocol.pause Pausing ProtocolHandler ["http-nio-8080"]
12-Jun-2026 09:39:13.638 INFO [Thread-1] org.apache.catalina.core.StandardService.stopInternal Stopping service [Catalina]
12-Jun-2026 09:39:13.724 WARNING [Thread-1] org.apache.catalina.loader.WebappClassLoaderBase.clearReferencesJdbc The web application [jav101-lab6-LQBAOBAO-cyber] registered the JDBC driver [com.microsoft.sqlserver.jdbc.SQLServerDriver] but failed to unregister it when the web application was stopped. To prevent a memory leak, the JDBC Driver has been forcibly unregistered.
12-Jun-2026 09:39:13.733 SEVERE [Thread-1] org.apache.catalina.loader.WebappClassLoaderBase.checkThreadLocalMapForLeaks The web application [jav101-lab6-LQBAOBAO-cyber] created a ThreadLocal with key of type [com.microsoft.sqlserver.jdbc.ActivityCorrelator$1] (value [com.microsoft.sqlserver.jdbc.ActivityCorrelator$1@b9f0454]) and a value of type [com.microsoft.sqlserver.jdbc.ActivityId] (value [896e0299-d98e-4008-94c9-25e38b3569f2-1]) but failed to remove it when the web application was stopped. Threads are going to be renewed over time to try and avoid a probable memory leak.
12-Jun-2026 09:39:13.734 SEVERE [Thread-1] org.apache.catalina.loader.WebappClassLoaderBase.checkThreadLocalMapForLeaks The web application [jav101-lab6-LQBAOBAO-cyber] created a ThreadLocal with key of type [com.microsoft.sqlserver.jdbc.ActivityCorrelator$1] (value [com.microsoft.sqlserver.jdbc.ActivityCorrelator$1@b9f0454]) and a value of type [com.microsoft.sqlserver.jdbc.ActivityId] (value [2355c65f-1f4d-4f85-a49d-c884b3aabdf8-1]) but failed to remove it when the web application was stopped. Threads are going to be renewed over time to try and avoid a probable memory leak.
12-Jun-2026 09:39:13.735 SEVERE [Thread-1] org.apache.catalina.loader.WebappClassLoaderBase.checkThreadLocalMapForLeaks The web application [jav101-lab6-LQBAOBAO-cyber] created a ThreadLocal with key of type [com.microsoft.sqlserver.jdbc.ActivityCorrelator$1] (value [com.microsoft.sqlserver.jdbc.ActivityCorrelator$1@b9f0454]) and a value of type [com.microsoft.sqlserver.jdbc.ActivityId] (value [08473172-0437-4287-9124-5071ae758897-1]) but failed to remove it when the web application was stopped. Threads are going to be renewed over time to try and avoid a probable memory leak.
12-Jun-2026 09:39:13.736 SEVERE [Thread-1] org.apache.catalina.loader.WebappClassLoaderBase.checkThreadLocalMapForLeaks The web application [jav101-lab6-LQBAOBAO-cyber] created a ThreadLocal with key of type [com.microsoft.sqlserver.jdbc.ActivityCorrelator$1] (value [com.microsoft.sqlserver.jdbc.ActivityCorrelator$1@b9f0454]) and a value of type [com.microsoft.sqlserver.jdbc.ActivityId] (value [b4042981-366f-4e8d-9734-d65b32fab7a5-1]) but failed to remove it when the web application was stopped. Threads are going to be renewed over time to try and avoid a probable memory leak.
12-Jun-2026 09:39:13.736 SEVERE [Thread-1] org.apache.catalina.loader.WebappClassLoaderBase.checkThreadLocalMapForLeaks The web application [jav101-lab6-LQBAOBAO-cyber] created a ThreadLocal with key of type [com.microsoft.sqlserver.jdbc.ActivityCorrelator$1] (value [com.microsoft.sqlserver.jdbc.ActivityCorrelator$1@b9f0454]) and a value of type [com.microsoft.sqlserver.jdbc.ActivityId] (value [0da27eee-5e08-4d4d-97dd-f8321c4722ca-1]) but failed to remove it when the web application was stopped. Threads are going to be renewed over time to try and avoid a probable memory leak.
12-Jun-2026 09:39:13.737 SEVERE [Thread-1] org.apache.catalina.loader.WebappClassLoaderBase.checkThreadLocalMapForLeaks The web application [jav101-lab6-LQBAOBAO-cyber] created a ThreadLocal with key of type [com.microsoft.sqlserver.jdbc.ActivityCorrelator$1] (value [com.microsoft.sqlserver.jdbc.ActivityCorrelator$1@b9f0454]) and a value of type [com.microsoft.sqlserver.jdbc.ActivityId] (value [b7925315-d5d9-4b13-ac49-7e981f4c68f9-1]) but failed to remove it when the web application was stopped. Threads are going to be renewed over time to try and avoid a probable memory leak.
12-Jun-2026 09:39:13.738 SEVERE [Thread-1] org.apache.catalina.loader.WebappClassLoaderBase.checkThreadLocalMapForLeaks The web application [jav101-lab6-LQBAOBAO-cyber] created a ThreadLocal with key of type [com.microsoft.sqlserver.jdbc.ActivityCorrelator$1] (value [com.microsoft.sqlserver.jdbc.ActivityCorrelator$1@b9f0454]) and a value of type [com.microsoft.sqlserver.jdbc.ActivityId] (value [b2e0c286-e137-4a44-8b8b-9d4eda949cd6-1]) but failed to remove it when the web application was stopped. Threads are going to be renewed over time to try and avoid a probable memory leak.
12-Jun-2026 09:39:13.757 INFO [Thread-1] org.apache.coyote.AbstractProtocol.stop Stopping ProtocolHandler ["http-nio-8080"]
12-Jun-2026 09:39:13.763 INFO [Thread-1] org.apache.coyote.AbstractProtocol.destroy Destroying ProtocolHandler ["http-nio-8080"]
12-Jun-2026 09:50:22.196 INFO [main] org.apache.catalina.startup.VersionLoggerListener.log Server version name:   Apache Tomcat/9.0.118
12-Jun-2026 09:50:22.204 INFO [main] org.apache.catalina.startup.VersionLoggerListener.log Server built:          May 1 2026 19:30:30 UTC
12-Jun-2026 09:50:22.205 INFO [main] org.apache.catalina.startup.VersionLoggerListener.log Server version number: 9.0.118.0
12-Jun-2026 09:50:22.206 INFO [main] org.apache.catalina.startup.VersionLoggerListener.log OS Name:               Windows 10
12-Jun-2026 09:50:22.206 INFO [main] org.apache.catalina.startup.VersionLoggerListener.log OS Version:            10.0
12-Jun-2026 09:50:22.206 INFO [main] org.apache.catalina.startup.VersionLoggerListener.log Architecture:          amd64
12-Jun-2026 09:50:22.206 INFO [main] org.apache.catalina.startup.VersionLoggerListener.log Java Home:             D:\JDKLibrary\jdk-21
12-Jun-2026 09:50:22.207 INFO [main] org.apache.catalina.startup.VersionLoggerListener.log JVM Version:           21+35-2513
12-Jun-2026 09:50:22.207 INFO [main] org.apache.catalina.startup.VersionLoggerListener.log JVM Vendor:            Oracle Corporation
12-Jun-2026 09:50:22.208 INFO [main] org.apache.catalina.startup.VersionLoggerListener.log CATALINA_BASE:         D:\Classic\VD\jav101-lab6-LQBAOBAO-cyber\.tomcat
12-Jun-2026 09:50:22.208 INFO [main] org.apache.catalina.startup.VersionLoggerListener.log CATALINA_HOME:         D:\apache-tomcat-9.0.118-windows-x64\apache-tomcat-9.0.118
12-Jun-2026 09:50:22.225 INFO [main] org.apache.catalina.startup.VersionLoggerListener.log Command line argument: --add-opens=java.base/java.lang=ALL-UNNAMED
12-Jun-2026 09:50:22.225 INFO [main] org.apache.catalina.startup.VersionLoggerListener.log Command line argument: --add-opens=java.base/java.io=ALL-UNNAMED
12-Jun-2026 09:50:22.225 INFO [main] org.apache.catalina.startup.VersionLoggerListener.log Command line argument: --add-opens=java.base/java.util=ALL-UNNAMED
12-Jun-2026 09:50:22.226 INFO [main] org.apache.catalina.startup.VersionLoggerListener.log Command line argument: --add-opens=java.base/java.util.concurrent=ALL-UNNAMED
12-Jun-2026 09:50:22.226 INFO [main] org.apache.catalina.startup.VersionLoggerListener.log Command line argument: --add-opens=java.rmi/sun.rmi.transport=ALL-UNNAMED
12-Jun-2026 09:50:22.226 INFO [main] org.apache.catalina.startup.VersionLoggerListener.log Command line argument: -Dcatalina.home=D:\apache-tomcat-9.0.118-windows-x64\apache-tomcat-9.0.118
12-Jun-2026 09:50:22.226 INFO [main] org.apache.catalina.startup.VersionLoggerListener.log Command line argument: -Dcatalina.base=D:\Classic\VD\jav101-lab6-LQBAOBAO-cyber\.tomcat
12-Jun-2026 09:50:22.227 INFO [main] org.apache.catalina.startup.VersionLoggerListener.log Command line argument: -Djava.io.tmpdir=D:\Classic\VD\jav101-lab6-LQBAOBAO-cyber\.tomcat\temp
12-Jun-2026 09:50:22.227 INFO [main] org.apache.catalina.startup.VersionLoggerListener.log Command line argument: -Djava.util.logging.config.file=D:\Classic\VD\jav101-lab6-LQBAOBAO-cyber\.tomcat\conf\logging.properties
12-Jun-2026 09:50:22.227 INFO [main] org.apache.catalina.startup.VersionLoggerListener.log Command line argument: -Djava.util.logging.manager=org.apache.juli.ClassLoaderLogManager
12-Jun-2026 09:50:22.227 INFO [main] org.apache.catalina.startup.VersionLoggerListener.log Command line argument: -javaagent:C:\Program Files\JetBrains\IntelliJ IDEA 2026.1.1\lib\idea_rt.jar=58940
12-Jun-2026 09:50:22.228 INFO [main] org.apache.catalina.startup.VersionLoggerListener.log Command line argument: -Dfile.encoding=UTF-8
12-Jun-2026 09:50:22.228 INFO [main] org.apache.catalina.startup.VersionLoggerListener.log Command line argument: -Dsun.stdout.encoding=UTF-8
12-Jun-2026 09:50:22.228 INFO [main] org.apache.catalina.startup.VersionLoggerListener.log Command line argument: -Dsun.stderr.encoding=UTF-8
12-Jun-2026 09:50:22.235 INFO [main] org.apache.catalina.core.AprLifecycleListener.lifecycleEvent Loaded Apache Tomcat Native library [1.3.7] using APR version [1.7.6].
12-Jun-2026 09:50:22.235 INFO [main] org.apache.catalina.core.AprLifecycleListener.lifecycleEvent APR capabilities: IPv6 [true], sendfile [true], accept filters [false], random [true], UDS [true].
12-Jun-2026 09:50:22.235 INFO [main] org.apache.catalina.core.AprLifecycleListener.lifecycleEvent APR/OpenSSL configuration: useAprConnector [false], useOpenSSL [true]
12-Jun-2026 09:50:22.246 INFO [main] org.apache.catalina.core.AprLifecycleListener.initializeSSL OpenSSL successfully initialized [OpenSSL 3.0.19 27 Jan 2026]
12-Jun-2026 09:50:22.969 INFO [main] org.apache.coyote.AbstractProtocol.init Initializing ProtocolHandler ["http-nio-8080"]
12-Jun-2026 09:50:23.008 INFO [main] org.apache.catalina.startup.Catalina.load Server initialization in [1385] milliseconds
12-Jun-2026 09:50:23.093 INFO [main] org.apache.catalina.core.StandardService.startInternal Starting service [Catalina]
12-Jun-2026 09:50:23.093 INFO [main] org.apache.catalina.core.StandardEngine.startInternal Starting Servlet engine: [Apache Tomcat/9.0.118]
12-Jun-2026 09:50:23.110 INFO [main] org.apache.catalina.startup.HostConfig.deployDescriptor Deploying deployment descriptor [D:\Classic\VD\jav101-lab6-LQBAOBAO-cyber\.tomcat\conf\Catalina\localhost\jav101-lab6-LQBAOBAO-cyber.xml]
12-Jun-2026 09:50:25.202 INFO [main] org.apache.jasper.servlet.TldScanner.scanJars At least one JAR was scanned for TLDs yet contained no TLDs. Enable debug logging for this logger for a complete list of JARs that were scanned but no TLDs were found in them. Skipping unneeded JARs during scanning can improve startup time and JSP compilation time.
12-Jun-2026 09:50:25.459 INFO [main] org.apache.catalina.startup.HostConfig.deployDescriptor Deployment of deployment descriptor [D:\Classic\VD\jav101-lab6-LQBAOBAO-cyber\.tomcat\conf\Catalina\localhost\jav101-lab6-LQBAOBAO-cyber.xml] has finished in [2,347] ms
12-Jun-2026 09:50:25.467 INFO [main] org.apache.coyote.AbstractProtocol.start Starting ProtocolHandler ["http-nio-8080"]
12-Jun-2026 09:50:25.511 INFO [main] org.apache.catalina.startup.Catalina.start Server startup in [2500] milliseconds
12-Jun-2026 09:51:54.948 INFO [Thread-1] org.apache.coyote.AbstractProtocol.pause Pausing ProtocolHandler ["http-nio-8080"]
12-Jun-2026 09:51:54.956 INFO [Thread-1] org.apache.catalina.core.StandardService.stopInternal Stopping service [Catalina]
12-Jun-2026 09:51:54.974 WARNING [Thread-1] org.apache.catalina.loader.WebappClassLoaderBase.clearReferencesJdbc The web application [jav101-lab6-LQBAOBAO-cyber] registered the JDBC driver [com.microsoft.sqlserver.jdbc.SQLServerDriver] but failed to unregister it when the web application was stopped. To prevent a memory leak, the JDBC Driver has been forcibly unregistered.
12-Jun-2026 09:51:54.980 SEVERE [Thread-1] org.apache.catalina.loader.WebappClassLoaderBase.checkThreadLocalMapForLeaks The web application [jav101-lab6-LQBAOBAO-cyber] created a ThreadLocal with key of type [com.microsoft.sqlserver.jdbc.ActivityCorrelator$1] (value [com.microsoft.sqlserver.jdbc.ActivityCorrelator$1@3e103db]) and a value of type [com.microsoft.sqlserver.jdbc.ActivityId] (value [edfee19f-3d24-4e11-89f9-7dfaa51fe651-4]) but failed to remove it when the web application was stopped. Threads are going to be renewed over time to try and avoid a probable memory leak.
12-Jun-2026 09:51:54.984 SEVERE [Thread-1] org.apache.catalina.loader.WebappClassLoaderBase.checkThreadLocalMapForLeaks The web application [jav101-lab6-LQBAOBAO-cyber] created a ThreadLocal with key of type [com.microsoft.sqlserver.jdbc.ActivityCorrelator$1] (value [com.microsoft.sqlserver.jdbc.ActivityCorrelator$1@3e103db]) and a value of type [com.microsoft.sqlserver.jdbc.ActivityId] (value [a55fd720-74f6-4a53-9c2a-a339bb44b57a-4]) but failed to remove it when the web application was stopped. Threads are going to be renewed over time to try and avoid a probable memory leak.
12-Jun-2026 09:51:54.988 SEVERE [Thread-1] org.apache.catalina.loader.WebappClassLoaderBase.checkThreadLocalMapForLeaks The web application [jav101-lab6-LQBAOBAO-cyber] created a ThreadLocal with key of type [com.microsoft.sqlserver.jdbc.ActivityCorrelator$1] (value [com.microsoft.sqlserver.jdbc.ActivityCorrelator$1@3e103db]) and a value of type [com.microsoft.sqlserver.jdbc.ActivityId] (value [a293749b-4831-4dac-b5c3-dd49829f82f6-3]) but failed to remove it when the web application was stopped. Threads are going to be renewed over time to try and avoid a probable memory leak.
12-Jun-2026 09:51:54.991 SEVERE [Thread-1] org.apache.catalina.loader.WebappClassLoaderBase.checkThreadLocalMapForLeaks The web application [jav101-lab6-LQBAOBAO-cyber] created a ThreadLocal with key of type [com.microsoft.sqlserver.jdbc.ActivityCorrelator$1] (value [com.microsoft.sqlserver.jdbc.ActivityCorrelator$1@3e103db]) and a value of type [com.microsoft.sqlserver.jdbc.ActivityId] (value [c2ef193c-f8b3-4a15-8777-f602b6168c6e-4]) but failed to remove it when the web application was stopped. Threads are going to be renewed over time to try and avoid a probable memory leak.
12-Jun-2026 09:51:54.994 SEVERE [Thread-1] org.apache.catalina.loader.WebappClassLoaderBase.checkThreadLocalMapForLeaks The web application [jav101-lab6-LQBAOBAO-cyber] created a ThreadLocal with key of type [com.microsoft.sqlserver.jdbc.ActivityCorrelator$1] (value [com.microsoft.sqlserver.jdbc.ActivityCorrelator$1@3e103db]) and a value of type [com.microsoft.sqlserver.jdbc.ActivityId] (value [406455bd-f489-4566-9712-7471266f9c3f-4]) but failed to remove it when the web application was stopped. Threads are going to be renewed over time to try and avoid a probable memory leak.
12-Jun-2026 09:51:54.995 SEVERE [Thread-1] org.apache.catalina.loader.WebappClassLoaderBase.checkThreadLocalMapForLeaks The web application [jav101-lab6-LQBAOBAO-cyber] created a ThreadLocal with key of type [com.microsoft.sqlserver.jdbc.ActivityCorrelator$1] (value [com.microsoft.sqlserver.jdbc.ActivityCorrelator$1@3e103db]) and a value of type [com.microsoft.sqlserver.jdbc.ActivityId] (value [8d054406-c0a0-4cce-a124-fa62cc779c0e-4]) but failed to remove it when the web application was stopped. Threads are going to be renewed over time to try and avoid a probable memory leak.
12-Jun-2026 09:51:54.998 SEVERE [Thread-1] org.apache.catalina.loader.WebappClassLoaderBase.checkThreadLocalMapForLeaks The web application [jav101-lab6-LQBAOBAO-cyber] created a ThreadLocal with key of type [com.microsoft.sqlserver.jdbc.ActivityCorrelator$1] (value [com.microsoft.sqlserver.jdbc.ActivityCorrelator$1@3e103db]) and a value of type [com.microsoft.sqlserver.jdbc.ActivityId] (value [99b02df6-9137-482a-97d5-b3fb990ca7b8-3]) but failed to remove it when the web application was stopped. Threads are going to be renewed over time to try and avoid a probable memory leak.
12-Jun-2026 09:51:55.000 SEVERE [Thread-1] org.apache.catalina.loader.WebappClassLoaderBase.checkThreadLocalMapForLeaks The web application [jav101-lab6-LQBAOBAO-cyber] created a ThreadLocal with key of type [com.microsoft.sqlserver.jdbc.ActivityCorrelator$1] (value [com.microsoft.sqlserver.jdbc.ActivityCorrelator$1@3e103db]) and a value of type [com.microsoft.sqlserver.jdbc.ActivityId] (value [f60a3286-e445-4d28-aa08-06c0f4c7fae4-3]) but failed to remove it when the web application was stopped. Threads are going to be renewed over time to try and avoid a probable memory leak.
12-Jun-2026 09:51:55.001 SEVERE [Thread-1] org.apache.catalina.loader.WebappClassLoaderBase.checkThreadLocalMapForLeaks The web application [jav101-lab6-LQBAOBAO-cyber] created a ThreadLocal with key of type [com.microsoft.sqlserver.jdbc.ActivityCorrelator$1] (value [com.microsoft.sqlserver.jdbc.ActivityCorrelator$1@3e103db]) and a value of type [com.microsoft.sqlserver.jdbc.ActivityId] (value [0280dd69-26a3-4543-b7f8-32b850655be6-4]) but failed to remove it when the web application was stopped. Threads are going to be renewed over time to try and avoid a probable memory leak.
12-Jun-2026 09:51:55.006 SEVERE [Thread-1] org.apache.catalina.loader.WebappClassLoaderBase.checkThreadLocalMapForLeaks The web application [jav101-lab6-LQBAOBAO-cyber] created a ThreadLocal with key of type [com.microsoft.sqlserver.jdbc.ActivityCorrelator$1] (value [com.microsoft.sqlserver.jdbc.ActivityCorrelator$1@3e103db]) and a value of type [com.microsoft.sqlserver.jdbc.ActivityId] (value [b060c881-8627-4200-a13b-597a95cf076f-4]) but failed to remove it when the web application was stopped. Threads are going to be renewed over time to try and avoid a probable memory leak.
12-Jun-2026 09:51:55.022 INFO [Thread-1] org.apache.coyote.AbstractProtocol.stop Stopping ProtocolHandler ["http-nio-8080"]
12-Jun-2026 09:51:55.036 INFO [Thread-1] org.apache.coyote.AbstractProtocol.destroy Destroying ProtocolHandler ["http-nio-8080"]
12-Jun-2026 09:53:03.578 INFO [main] org.apache.catalina.startup.VersionLoggerListener.log Server version name:   Apache Tomcat/9.0.118
12-Jun-2026 09:53:03.584 INFO [main] org.apache.catalina.startup.VersionLoggerListener.log Server built:          May 1 2026 19:30:30 UTC
12-Jun-2026 09:53:03.584 INFO [main] org.apache.catalina.startup.VersionLoggerListener.log Server version number: 9.0.118.0
12-Jun-2026 09:53:03.585 INFO [main] org.apache.catalina.startup.VersionLoggerListener.log OS Name:               Windows 10
12-Jun-2026 09:53:03.585 INFO [main] org.apache.catalina.startup.VersionLoggerListener.log OS Version:            10.0
12-Jun-2026 09:53:03.586 INFO [main] org.apache.catalina.startup.VersionLoggerListener.log Architecture:          amd64
12-Jun-2026 09:53:03.586 INFO [main] org.apache.catalina.startup.VersionLoggerListener.log Java Home:             D:\JDKLibrary\jdk-21
12-Jun-2026 09:53:03.586 INFO [main] org.apache.catalina.startup.VersionLoggerListener.log JVM Version:           21+35-2513
12-Jun-2026 09:53:03.586 INFO [main] org.apache.catalina.startup.VersionLoggerListener.log JVM Vendor:            Oracle Corporation
12-Jun-2026 09:53:03.587 INFO [main] org.apache.catalina.startup.VersionLoggerListener.log CATALINA_BASE:         D:\Classic\VD\jav101-lab6-LQBAOBAO-cyber\.tomcat
12-Jun-2026 09:53:03.587 INFO [main] org.apache.catalina.startup.VersionLoggerListener.log CATALINA_HOME:         D:\apache-tomcat-9.0.118-windows-x64\apache-tomcat-9.0.118
12-Jun-2026 09:53:03.600 INFO [main] org.apache.catalina.startup.VersionLoggerListener.log Command line argument: --add-opens=java.base/java.lang=ALL-UNNAMED
12-Jun-2026 09:53:03.600 INFO [main] org.apache.catalina.startup.VersionLoggerListener.log Command line argument: --add-opens=java.base/java.io=ALL-UNNAMED
12-Jun-2026 09:53:03.600 INFO [main] org.apache.catalina.startup.VersionLoggerListener.log Command line argument: --add-opens=java.base/java.util=ALL-UNNAMED
12-Jun-2026 09:53:03.601 INFO [main] org.apache.catalina.startup.VersionLoggerListener.log Command line argument: --add-opens=java.base/java.util.concurrent=ALL-UNNAMED
12-Jun-2026 09:53:03.601 INFO [main] org.apache.catalina.startup.VersionLoggerListener.log Command line argument: --add-opens=java.rmi/sun.rmi.transport=ALL-UNNAMED
12-Jun-2026 09:53:03.601 INFO [main] org.apache.catalina.startup.VersionLoggerListener.log Command line argument: -Dcatalina.home=D:\apache-tomcat-9.0.118-windows-x64\apache-tomcat-9.0.118
12-Jun-2026 09:53:03.601 INFO [main] org.apache.catalina.startup.VersionLoggerListener.log Command line argument: -Dcatalina.base=D:\Classic\VD\jav101-lab6-LQBAOBAO-cyber\.tomcat
12-Jun-2026 09:53:03.601 INFO [main] org.apache.catalina.startup.VersionLoggerListener.log Command line argument: -Djava.io.tmpdir=D:\Classic\VD\jav101-lab6-LQBAOBAO-cyber\.tomcat\temp
12-Jun-2026 09:53:03.602 INFO [main] org.apache.catalina.startup.VersionLoggerListener.log Command line argument: -Djava.util.logging.config.file=D:\Classic\VD\jav101-lab6-LQBAOBAO-cyber\.tomcat\conf\logging.properties
12-Jun-2026 09:53:03.602 INFO [main] org.apache.catalina.startup.VersionLoggerListener.log Command line argument: -Djava.util.logging.manager=org.apache.juli.ClassLoaderLogManager
12-Jun-2026 09:53:03.602 INFO [main] org.apache.catalina.startup.VersionLoggerListener.log Command line argument: -javaagent:C:\Program Files\JetBrains\IntelliJ IDEA 2026.1.1\lib\idea_rt.jar=59019
12-Jun-2026 09:53:03.603 INFO [main] org.apache.catalina.startup.VersionLoggerListener.log Command line argument: -Dfile.encoding=UTF-8
12-Jun-2026 09:53:03.603 INFO [main] org.apache.catalina.startup.VersionLoggerListener.log Command line argument: -Dsun.stdout.encoding=UTF-8
12-Jun-2026 09:53:03.603 INFO [main] org.apache.catalina.startup.VersionLoggerListener.log Command line argument: -Dsun.stderr.encoding=UTF-8
12-Jun-2026 09:53:03.610 INFO [main] org.apache.catalina.core.AprLifecycleListener.lifecycleEvent Loaded Apache Tomcat Native library [1.3.7] using APR version [1.7.6].
12-Jun-2026 09:53:03.610 INFO [main] org.apache.catalina.core.AprLifecycleListener.lifecycleEvent APR capabilities: IPv6 [true], sendfile [true], accept filters [false], random [true], UDS [true].
12-Jun-2026 09:53:03.610 INFO [main] org.apache.catalina.core.AprLifecycleListener.lifecycleEvent APR/OpenSSL configuration: useAprConnector [false], useOpenSSL [true]
12-Jun-2026 09:53:03.621 INFO [main] org.apache.catalina.core.AprLifecycleListener.initializeSSL OpenSSL successfully initialized [OpenSSL 3.0.19 27 Jan 2026]
12-Jun-2026 09:53:04.698 INFO [main] org.apache.coyote.AbstractProtocol.init Initializing ProtocolHandler ["http-nio-8080"]
12-Jun-2026 09:53:04.738 INFO [main] org.apache.catalina.startup.Catalina.load Server initialization in [1571] milliseconds
12-Jun-2026 09:53:04.862 INFO [main] org.apache.catalina.core.StandardService.startInternal Starting service [Catalina]
12-Jun-2026 09:53:04.863 INFO [main] org.apache.catalina.core.StandardEngine.startInternal Starting Servlet engine: [Apache Tomcat/9.0.118]
12-Jun-2026 09:53:04.894 INFO [main] org.apache.catalina.startup.HostConfig.deployDescriptor Deploying deployment descriptor [D:\Classic\VD\jav101-lab6-LQBAOBAO-cyber\.tomcat\conf\Catalina\localhost\jav101-lab6-LQBAOBAO-cyber.xml]
12-Jun-2026 09:53:06.585 INFO [main] org.apache.jasper.servlet.TldScanner.scanJars At least one JAR was scanned for TLDs yet contained no TLDs. Enable debug logging for this logger for a complete list of JARs that were scanned but no TLDs were found in them. Skipping unneeded JARs during scanning can improve startup time and JSP compilation time.
12-Jun-2026 09:53:06.752 INFO [main] org.apache.catalina.startup.HostConfig.deployDescriptor Deployment of deployment descriptor [D:\Classic\VD\jav101-lab6-LQBAOBAO-cyber\.tomcat\conf\Catalina\localhost\jav101-lab6-LQBAOBAO-cyber.xml] has finished in [1,858] ms
12-Jun-2026 09:53:06.761 INFO [main] org.apache.coyote.AbstractProtocol.start Starting ProtocolHandler ["http-nio-8080"]
12-Jun-2026 09:53:06.807 INFO [main] org.apache.catalina.startup.Catalina.start Server startup in [2064] milliseconds
12-Jun-2026 09:53:45.860 INFO [Thread-1] org.apache.coyote.AbstractProtocol.pause Pausing ProtocolHandler ["http-nio-8080"]
12-Jun-2026 09:53:45.877 INFO [Thread-1] org.apache.catalina.core.StandardService.stopInternal Stopping service [Catalina]
12-Jun-2026 09:53:45.924 INFO [Thread-1] org.apache.coyote.AbstractProtocol.stop Stopping ProtocolHandler ["http-nio-8080"]
12-Jun-2026 09:53:45.935 INFO [Thread-1] org.apache.coyote.AbstractProtocol.destroy Destroying ProtocolHandler ["http-nio-8080"]
12-Jun-2026 09:54:57.293 INFO [main] org.apache.catalina.startup.VersionLoggerListener.log Server version name:   Apache Tomcat/9.0.118
12-Jun-2026 09:54:57.301 INFO [main] org.apache.catalina.startup.VersionLoggerListener.log Server built:          May 1 2026 19:30:30 UTC
12-Jun-2026 09:54:57.302 INFO [main] org.apache.catalina.startup.VersionLoggerListener.log Server version number: 9.0.118.0
12-Jun-2026 09:54:57.302 INFO [main] org.apache.catalina.startup.VersionLoggerListener.log OS Name:               Windows 10
12-Jun-2026 09:54:57.303 INFO [main] org.apache.catalina.startup.VersionLoggerListener.log OS Version:            10.0
12-Jun-2026 09:54:57.303 INFO [main] org.apache.catalina.startup.VersionLoggerListener.log Architecture:          amd64
12-Jun-2026 09:54:57.303 INFO [main] org.apache.catalina.startup.VersionLoggerListener.log Java Home:             D:\JDKLibrary\jdk-21
12-Jun-2026 09:54:57.304 INFO [main] org.apache.catalina.startup.VersionLoggerListener.log JVM Version:           21+35-2513
12-Jun-2026 09:54:57.305 INFO [main] org.apache.catalina.startup.VersionLoggerListener.log JVM Vendor:            Oracle Corporation
12-Jun-2026 09:54:57.305 INFO [main] org.apache.catalina.startup.VersionLoggerListener.log CATALINA_BASE:         D:\Classic\VD\jav101-lab6-LQBAOBAO-cyber\.tomcat
12-Jun-2026 09:54:57.305 INFO [main] org.apache.catalina.startup.VersionLoggerListener.log CATALINA_HOME:         D:\apache-tomcat-9.0.118-windows-x64\apache-tomcat-9.0.118
12-Jun-2026 09:54:57.319 INFO [main] org.apache.catalina.startup.VersionLoggerListener.log Command line argument: --add-opens=java.base/java.lang=ALL-UNNAMED
12-Jun-2026 09:54:57.319 INFO [main] org.apache.catalina.startup.VersionLoggerListener.log Command line argument: --add-opens=java.base/java.io=ALL-UNNAMED
12-Jun-2026 09:54:57.319 INFO [main] org.apache.catalina.startup.VersionLoggerListener.log Command line argument: --add-opens=java.base/java.util=ALL-UNNAMED
12-Jun-2026 09:54:57.320 INFO [main] org.apache.catalina.startup.VersionLoggerListener.log Command line argument: --add-opens=java.base/java.util.concurrent=ALL-UNNAMED
12-Jun-2026 09:54:57.320 INFO [main] org.apache.catalina.startup.VersionLoggerListener.log Command line argument: --add-opens=java.rmi/sun.rmi.transport=ALL-UNNAMED
12-Jun-2026 09:54:57.320 INFO [main] org.apache.catalina.startup.VersionLoggerListener.log Command line argument: -Dcatalina.home=D:\apache-tomcat-9.0.118-windows-x64\apache-tomcat-9.0.118
12-Jun-2026 09:54:57.321 INFO [main] org.apache.catalina.startup.VersionLoggerListener.log Command line argument: -Dcatalina.base=D:\Classic\VD\jav101-lab6-LQBAOBAO-cyber\.tomcat
12-Jun-2026 09:54:57.321 INFO [main] org.apache.catalina.startup.VersionLoggerListener.log Command line argument: -Djava.io.tmpdir=D:\Classic\VD\jav101-lab6-LQBAOBAO-cyber\.tomcat\temp
12-Jun-2026 09:54:57.321 INFO [main] org.apache.catalina.startup.VersionLoggerListener.log Command line argument: -Djava.util.logging.config.file=D:\Classic\VD\jav101-lab6-LQBAOBAO-cyber\.tomcat\conf\logging.properties
12-Jun-2026 09:54:57.321 INFO [main] org.apache.catalina.startup.VersionLoggerListener.log Command line argument: -Djava.util.logging.manager=org.apache.juli.ClassLoaderLogManager
12-Jun-2026 09:54:57.322 INFO [main] org.apache.catalina.startup.VersionLoggerListener.log Command line argument: -javaagent:C:\Program Files\JetBrains\IntelliJ IDEA 2026.1.1\lib\idea_rt.jar=59035
12-Jun-2026 09:54:57.322 INFO [main] org.apache.catalina.startup.VersionLoggerListener.log Command line argument: -Dfile.encoding=UTF-8
12-Jun-2026 09:54:57.322 INFO [main] org.apache.catalina.startup.VersionLoggerListener.log Command line argument: -Dsun.stdout.encoding=UTF-8
12-Jun-2026 09:54:57.322 INFO [main] org.apache.catalina.startup.VersionLoggerListener.log Command line argument: -Dsun.stderr.encoding=UTF-8
12-Jun-2026 09:54:57.329 INFO [main] org.apache.catalina.core.AprLifecycleListener.lifecycleEvent Loaded Apache Tomcat Native library [1.3.7] using APR version [1.7.6].
12-Jun-2026 09:54:57.330 INFO [main] org.apache.catalina.core.AprLifecycleListener.lifecycleEvent APR capabilities: IPv6 [true], sendfile [true], accept filters [false], random [true], UDS [true].
12-Jun-2026 09:54:57.330 INFO [main] org.apache.catalina.core.AprLifecycleListener.lifecycleEvent APR/OpenSSL configuration: useAprConnector [false], useOpenSSL [true]
12-Jun-2026 09:54:57.343 INFO [main] org.apache.catalina.core.AprLifecycleListener.initializeSSL OpenSSL successfully initialized [OpenSSL 3.0.19 27 Jan 2026]
12-Jun-2026 09:54:58.241 INFO [main] org.apache.coyote.AbstractProtocol.init Initializing ProtocolHandler ["http-nio-8080"]
12-Jun-2026 09:54:58.280 INFO [main] org.apache.catalina.startup.Catalina.load Server initialization in [1394] milliseconds
12-Jun-2026 09:54:58.362 INFO [main] org.apache.catalina.core.StandardService.startInternal Starting service [Catalina]
12-Jun-2026 09:54:58.362 INFO [main] org.apache.catalina.core.StandardEngine.startInternal Starting Servlet engine: [Apache Tomcat/9.0.118]
12-Jun-2026 09:54:58.379 INFO [main] org.apache.catalina.startup.HostConfig.deployDescriptor Deploying deployment descriptor [D:\Classic\VD\jav101-lab6-LQBAOBAO-cyber\.tomcat\conf\Catalina\localhost\jav101-lab6-LQBAOBAO-cyber.xml]
12-Jun-2026 09:55:00.055 INFO [main] org.apache.jasper.servlet.TldScanner.scanJars At least one JAR was scanned for TLDs yet contained no TLDs. Enable debug logging for this logger for a complete list of JARs that were scanned but no TLDs were found in them. Skipping unneeded JARs during scanning can improve startup time and JSP compilation time.
12-Jun-2026 09:55:00.214 INFO [main] org.apache.catalina.startup.HostConfig.deployDescriptor Deployment of deployment descriptor [D:\Classic\VD\jav101-lab6-LQBAOBAO-cyber\.tomcat\conf\Catalina\localhost\jav101-lab6-LQBAOBAO-cyber.xml] has finished in [1,834] ms
12-Jun-2026 09:55:00.222 INFO [main] org.apache.coyote.AbstractProtocol.start Starting ProtocolHandler ["http-nio-8080"]
12-Jun-2026 09:55:00.268 INFO [main] org.apache.catalina.startup.Catalina.start Server startup in [1983] milliseconds
12-Jun-2026 09:55:18.710 INFO [Thread-1] org.apache.coyote.AbstractProtocol.pause Pausing ProtocolHandler ["http-nio-8080"]
12-Jun-2026 09:55:18.726 INFO [Thread-1] org.apache.catalina.core.StandardService.stopInternal Stopping service [Catalina]
12-Jun-2026 09:55:18.750 WARNING [Thread-1] org.apache.catalina.loader.WebappClassLoaderBase.clearReferencesJdbc The web application [jav101-lab6-LQBAOBAO-cyber] registered the JDBC driver [com.microsoft.sqlserver.jdbc.SQLServerDriver] but failed to unregister it when the web application was stopped. To prevent a memory leak, the JDBC Driver has been forcibly unregistered.
12-Jun-2026 09:55:18.761 SEVERE [Thread-1] org.apache.catalina.loader.WebappClassLoaderBase.checkThreadLocalMapForLeaks The web application [jav101-lab6-LQBAOBAO-cyber] created a ThreadLocal with key of type [com.microsoft.sqlserver.jdbc.ActivityCorrelator$1] (value [com.microsoft.sqlserver.jdbc.ActivityCorrelator$1@2ab35ed]) and a value of type [com.microsoft.sqlserver.jdbc.ActivityId] (value [35d1bcd4-e043-4a57-be3d-ac9f827022b7-1]) but failed to remove it when the web application was stopped. Threads are going to be renewed over time to try and avoid a probable memory leak.
12-Jun-2026 09:55:18.762 SEVERE [Thread-1] org.apache.catalina.loader.WebappClassLoaderBase.checkThreadLocalMapForLeaks The web application [jav101-lab6-LQBAOBAO-cyber] created a ThreadLocal with key of type [com.microsoft.sqlserver.jdbc.ActivityCorrelator$1] (value [com.microsoft.sqlserver.jdbc.ActivityCorrelator$1@2ab35ed]) and a value of type [com.microsoft.sqlserver.jdbc.ActivityId] (value [4fd4efda-9904-4aa3-af03-fd2b9906ac62-1]) but failed to remove it when the web application was stopped. Threads are going to be renewed over time to try and avoid a probable memory leak.
12-Jun-2026 09:55:18.765 SEVERE [Thread-1] org.apache.catalina.loader.WebappClassLoaderBase.checkThreadLocalMapForLeaks The web application [jav101-lab6-LQBAOBAO-cyber] created a ThreadLocal with key of type [com.microsoft.sqlserver.jdbc.ActivityCorrelator$1] (value [com.microsoft.sqlserver.jdbc.ActivityCorrelator$1@2ab35ed]) and a value of type [com.microsoft.sqlserver.jdbc.ActivityId] (value [ffd76ffa-a7bb-4d11-8440-0b08ee7b8801-1]) but failed to remove it when the web application was stopped. Threads are going to be renewed over time to try and avoid a probable memory leak.
12-Jun-2026 09:55:18.769 SEVERE [Thread-1] org.apache.catalina.loader.WebappClassLoaderBase.checkThreadLocalMapForLeaks The web application [jav101-lab6-LQBAOBAO-cyber] created a ThreadLocal with key of type [com.microsoft.sqlserver.jdbc.ActivityCorrelator$1] (value [com.microsoft.sqlserver.jdbc.ActivityCorrelator$1@2ab35ed]) and a value of type [com.microsoft.sqlserver.jdbc.ActivityId] (value [971d09ba-426f-49e7-a605-e40a331b1be4-1]) but failed to remove it when the web application was stopped. Threads are going to be renewed over time to try and avoid a probable memory leak.
12-Jun-2026 09:55:18.771 SEVERE [Thread-1] org.apache.catalina.loader.WebappClassLoaderBase.checkThreadLocalMapForLeaks The web application [jav101-lab6-LQBAOBAO-cyber] created a ThreadLocal with key of type [com.microsoft.sqlserver.jdbc.ActivityCorrelator$1] (value [com.microsoft.sqlserver.jdbc.ActivityCorrelator$1@2ab35ed]) and a value of type [com.microsoft.sqlserver.jdbc.ActivityId] (value [1030f929-39a3-4bae-a189-9003cfa7a23d-1]) but failed to remove it when the web application was stopped. Threads are going to be renewed over time to try and avoid a probable memory leak.
12-Jun-2026 09:55:18.774 SEVERE [Thread-1] org.apache.catalina.loader.WebappClassLoaderBase.checkThreadLocalMapForLeaks The web application [jav101-lab6-LQBAOBAO-cyber] created a ThreadLocal with key of type [com.microsoft.sqlserver.jdbc.ActivityCorrelator$1] (value [com.microsoft.sqlserver.jdbc.ActivityCorrelator$1@2ab35ed]) and a value of type [com.microsoft.sqlserver.jdbc.ActivityId] (value [149425f4-0eef-42a0-bc85-839f56befbf7-1]) but failed to remove it when the web application was stopped. Threads are going to be renewed over time to try and avoid a probable memory leak.
12-Jun-2026 09:55:18.776 SEVERE [Thread-1] org.apache.catalina.loader.WebappClassLoaderBase.checkThreadLocalMapForLeaks The web application [jav101-lab6-LQBAOBAO-cyber] created a ThreadLocal with key of type [com.microsoft.sqlserver.jdbc.ActivityCorrelator$1] (value [com.microsoft.sqlserver.jdbc.ActivityCorrelator$1@2ab35ed]) and a value of type [com.microsoft.sqlserver.jdbc.ActivityId] (value [d7cf3aa9-dc7d-4d4a-8046-f1e62bd43509-1]) but failed to remove it when the web application was stopped. Threads are going to be renewed over time to try and avoid a probable memory leak.
12-Jun-2026 09:55:18.777 SEVERE [Thread-1] org.apache.catalina.loader.WebappClassLoaderBase.checkThreadLocalMapForLeaks The web application [jav101-lab6-LQBAOBAO-cyber] created a ThreadLocal with key of type [com.microsoft.sqlserver.jdbc.ActivityCorrelator$1] (value [com.microsoft.sqlserver.jdbc.ActivityCorrelator$1@2ab35ed]) and a value of type [com.microsoft.sqlserver.jdbc.ActivityId] (value [dc6b7be2-bfb6-4a69-8ed7-3b7c3c9c8867-1]) but failed to remove it when the web application was stopped. Threads are going to be renewed over time to try and avoid a probable memory leak.
12-Jun-2026 09:55:18.779 SEVERE [Thread-1] org.apache.catalina.loader.WebappClassLoaderBase.checkThreadLocalMapForLeaks The web application [jav101-lab6-LQBAOBAO-cyber] created a ThreadLocal with key of type [com.microsoft.sqlserver.jdbc.ActivityCorrelator$1] (value [com.microsoft.sqlserver.jdbc.ActivityCorrelator$1@2ab35ed]) and a value of type [com.microsoft.sqlserver.jdbc.ActivityId] (value [232b74a0-ad94-4633-9d1f-4038f229fba0-1]) but failed to remove it when the web application was stopped. Threads are going to be renewed over time to try and avoid a probable memory leak.
12-Jun-2026 09:55:18.781 SEVERE [Thread-1] org.apache.catalina.loader.WebappClassLoaderBase.checkThreadLocalMapForLeaks The web application [jav101-lab6-LQBAOBAO-cyber] created a ThreadLocal with key of type [com.microsoft.sqlserver.jdbc.ActivityCorrelator$1] (value [com.microsoft.sqlserver.jdbc.ActivityCorrelator$1@2ab35ed]) and a value of type [com.microsoft.sqlserver.jdbc.ActivityId] (value [fb757a5e-72bd-45c2-82b0-ff1a9bfdc32a-1]) but failed to remove it when the web application was stopped. Threads are going to be renewed over time to try and avoid a probable memory leak.
12-Jun-2026 09:55:18.792 INFO [Thread-1] org.apache.coyote.AbstractProtocol.stop Stopping ProtocolHandler ["http-nio-8080"]
12-Jun-2026 09:55:18.804 INFO [Thread-1] org.apache.coyote.AbstractProtocol.destroy Destroying ProtocolHandler ["http-nio-8080"]
12-Jun-2026 09:55:30.502 INFO [main] org.apache.catalina.startup.VersionLoggerListener.log Server version name:   Apache Tomcat/9.0.118
12-Jun-2026 09:55:30.518 INFO [main] org.apache.catalina.startup.VersionLoggerListener.log Server built:          May 1 2026 19:30:30 UTC
12-Jun-2026 09:55:30.519 INFO [main] org.apache.catalina.startup.VersionLoggerListener.log Server version number: 9.0.118.0
12-Jun-2026 09:55:30.520 INFO [main] org.apache.catalina.startup.VersionLoggerListener.log OS Name:               Windows 10
12-Jun-2026 09:55:30.520 INFO [main] org.apache.catalina.startup.VersionLoggerListener.log OS Version:            10.0
12-Jun-2026 09:55:30.521 INFO [main] org.apache.catalina.startup.VersionLoggerListener.log Architecture:          amd64
12-Jun-2026 09:55:30.521 INFO [main] org.apache.catalina.startup.VersionLoggerListener.log Java Home:             D:\JDKLibrary\jdk-21
12-Jun-2026 09:55:30.521 INFO [main] org.apache.catalina.startup.VersionLoggerListener.log JVM Version:           21+35-2513
12-Jun-2026 09:55:30.522 INFO [main] org.apache.catalina.startup.VersionLoggerListener.log JVM Vendor:            Oracle Corporation
12-Jun-2026 09:55:30.524 INFO [main] org.apache.catalina.startup.VersionLoggerListener.log CATALINA_BASE:         D:\Classic\VD\jav101-lab6-LQBAOBAO-cyber\.tomcat
12-Jun-2026 09:55:30.524 INFO [main] org.apache.catalina.startup.VersionLoggerListener.log CATALINA_HOME:         D:\apache-tomcat-9.0.118-windows-x64\apache-tomcat-9.0.118
12-Jun-2026 09:55:30.546 INFO [main] org.apache.catalina.startup.VersionLoggerListener.log Command line argument: --add-opens=java.base/java.lang=ALL-UNNAMED
12-Jun-2026 09:55:30.547 INFO [main] org.apache.catalina.startup.VersionLoggerListener.log Command line argument: --add-opens=java.base/java.io=ALL-UNNAMED
12-Jun-2026 09:55:30.547 INFO [main] org.apache.catalina.startup.VersionLoggerListener.log Command line argument: --add-opens=java.base/java.util=ALL-UNNAMED
12-Jun-2026 09:55:30.547 INFO [main] org.apache.catalina.startup.VersionLoggerListener.log Command line argument: --add-opens=java.base/java.util.concurrent=ALL-UNNAMED
12-Jun-2026 09:55:30.547 INFO [main] org.apache.catalina.startup.VersionLoggerListener.log Command line argument: --add-opens=java.rmi/sun.rmi.transport=ALL-UNNAMED
12-Jun-2026 09:55:30.548 INFO [main] org.apache.catalina.startup.VersionLoggerListener.log Command line argument: -Dcatalina.home=D:\apache-tomcat-9.0.118-windows-x64\apache-tomcat-9.0.118
12-Jun-2026 09:55:30.549 INFO [main] org.apache.catalina.startup.VersionLoggerListener.log Command line argument: -Dcatalina.base=D:\Classic\VD\jav101-lab6-LQBAOBAO-cyber\.tomcat
12-Jun-2026 09:55:30.549 INFO [main] org.apache.catalina.startup.VersionLoggerListener.log Command line argument: -Djava.io.tmpdir=D:\Classic\VD\jav101-lab6-LQBAOBAO-cyber\.tomcat\temp
12-Jun-2026 09:55:30.549 INFO [main] org.apache.catalina.startup.VersionLoggerListener.log Command line argument: -Djava.util.logging.config.file=D:\Classic\VD\jav101-lab6-LQBAOBAO-cyber\.tomcat\conf\logging.properties
12-Jun-2026 09:55:30.550 INFO [main] org.apache.catalina.startup.VersionLoggerListener.log Command line argument: -Djava.util.logging.manager=org.apache.juli.ClassLoaderLogManager
12-Jun-2026 09:55:30.550 INFO [main] org.apache.catalina.startup.VersionLoggerListener.log Command line argument: -javaagent:C:\Program Files\JetBrains\IntelliJ IDEA 2026.1.1\lib\idea_rt.jar=59056
12-Jun-2026 09:55:30.552 INFO [main] org.apache.catalina.startup.VersionLoggerListener.log Command line argument: -Dfile.encoding=UTF-8
12-Jun-2026 09:55:30.553 INFO [main] org.apache.catalina.startup.VersionLoggerListener.log Command line argument: -Dsun.stdout.encoding=UTF-8
12-Jun-2026 09:55:30.553 INFO [main] org.apache.catalina.startup.VersionLoggerListener.log Command line argument: -Dsun.stderr.encoding=UTF-8
12-Jun-2026 09:55:30.567 INFO [main] org.apache.catalina.core.AprLifecycleListener.lifecycleEvent Loaded Apache Tomcat Native library [1.3.7] using APR version [1.7.6].
12-Jun-2026 09:55:30.568 INFO [main] org.apache.catalina.core.AprLifecycleListener.lifecycleEvent APR capabilities: IPv6 [true], sendfile [true], accept filters [false], random [true], UDS [true].
12-Jun-2026 09:55:30.568 INFO [main] org.apache.catalina.core.AprLifecycleListener.lifecycleEvent APR/OpenSSL configuration: useAprConnector [false], useOpenSSL [true]
12-Jun-2026 09:55:30.589 INFO [main] org.apache.catalina.core.AprLifecycleListener.initializeSSL OpenSSL successfully initialized [OpenSSL 3.0.19 27 Jan 2026]
12-Jun-2026 09:55:31.458 INFO [main] org.apache.coyote.AbstractProtocol.init Initializing ProtocolHandler ["http-nio-8080"]
12-Jun-2026 09:55:31.498 INFO [main] org.apache.catalina.startup.Catalina.load Server initialization in [1418] milliseconds
12-Jun-2026 09:55:31.709 INFO [main] org.apache.catalina.core.StandardService.startInternal Starting service [Catalina]
12-Jun-2026 09:55:31.710 INFO [main] org.apache.catalina.core.StandardEngine.startInternal Starting Servlet engine: [Apache Tomcat/9.0.118]
12-Jun-2026 09:55:31.731 INFO [main] org.apache.catalina.startup.HostConfig.deployDescriptor Deploying deployment descriptor [D:\Classic\VD\jav101-lab6-LQBAOBAO-cyber\.tomcat\conf\Catalina\localhost\jav101-lab6-LQBAOBAO-cyber.xml]
12-Jun-2026 09:55:33.772 INFO [main] org.apache.jasper.servlet.TldScanner.scanJars At least one JAR was scanned for TLDs yet contained no TLDs. Enable debug logging for this logger for a complete list of JARs that were scanned but no TLDs were found in them. Skipping unneeded JARs during scanning can improve startup time and JSP compilation time.
12-Jun-2026 09:55:33.940 INFO [main] org.apache.catalina.startup.HostConfig.deployDescriptor Deployment of deployment descriptor [D:\Classic\VD\jav101-lab6-LQBAOBAO-cyber\.tomcat\conf\Catalina\localhost\jav101-lab6-LQBAOBAO-cyber.xml] has finished in [2,208] ms
12-Jun-2026 09:55:33.947 INFO [main] org.apache.coyote.AbstractProtocol.start Starting ProtocolHandler ["http-nio-8080"]
12-Jun-2026 09:55:33.990 INFO [main] org.apache.catalina.startup.Catalina.start Server startup in [2490] milliseconds
12-Jun-2026 09:57:16.946 INFO [Thread-1] org.apache.coyote.AbstractProtocol.pause Pausing ProtocolHandler ["http-nio-8080"]
12-Jun-2026 09:57:16.955 INFO [Thread-1] org.apache.catalina.core.StandardService.stopInternal Stopping service [Catalina]
12-Jun-2026 09:57:16.976 WARNING [Thread-1] org.apache.catalina.loader.WebappClassLoaderBase.clearReferencesJdbc The web application [jav101-lab6-LQBAOBAO-cyber] registered the JDBC driver [com.microsoft.sqlserver.jdbc.SQLServerDriver] but failed to unregister it when the web application was stopped. To prevent a memory leak, the JDBC Driver has been forcibly unregistered.
12-Jun-2026 09:57:16.988 SEVERE [Thread-1] org.apache.catalina.loader.WebappClassLoaderBase.checkThreadLocalMapForLeaks The web application [jav101-lab6-LQBAOBAO-cyber] created a ThreadLocal with key of type [com.microsoft.sqlserver.jdbc.ActivityCorrelator$1] (value [com.microsoft.sqlserver.jdbc.ActivityCorrelator$1@44a632f7]) and a value of type [com.microsoft.sqlserver.jdbc.ActivityId] (value [ab04f3e0-9725-42a7-b1f3-dd884d601d8a-1]) but failed to remove it when the web application was stopped. Threads are going to be renewed over time to try and avoid a probable memory leak.
12-Jun-2026 09:57:16.992 SEVERE [Thread-1] org.apache.catalina.loader.WebappClassLoaderBase.checkThreadLocalMapForLeaks The web application [jav101-lab6-LQBAOBAO-cyber] created a ThreadLocal with key of type [com.microsoft.sqlserver.jdbc.ActivityCorrelator$1] (value [com.microsoft.sqlserver.jdbc.ActivityCorrelator$1@44a632f7]) and a value of type [com.microsoft.sqlserver.jdbc.ActivityId] (value [83d9b808-52b1-445e-a9e3-06111e08d458-1]) but failed to remove it when the web application was stopped. Threads are going to be renewed over time to try and avoid a probable memory leak.
12-Jun-2026 09:57:16.996 SEVERE [Thread-1] org.apache.catalina.loader.WebappClassLoaderBase.checkThreadLocalMapForLeaks The web application [jav101-lab6-LQBAOBAO-cyber] created a ThreadLocal with key of type [com.microsoft.sqlserver.jdbc.ActivityCorrelator$1] (value [com.microsoft.sqlserver.jdbc.ActivityCorrelator$1@44a632f7]) and a value of type [com.microsoft.sqlserver.jdbc.ActivityId] (value [665e12c3-0e53-461f-8cc0-908a1a9e1a27-1]) but failed to remove it when the web application was stopped. Threads are going to be renewed over time to try and avoid a probable memory leak.
12-Jun-2026 09:57:16.998 SEVERE [Thread-1] org.apache.catalina.loader.WebappClassLoaderBase.checkThreadLocalMapForLeaks The web application [jav101-lab6-LQBAOBAO-cyber] created a ThreadLocal with key of type [com.microsoft.sqlserver.jdbc.ActivityCorrelator$1] (value [com.microsoft.sqlserver.jdbc.ActivityCorrelator$1@44a632f7]) and a value of type [com.microsoft.sqlserver.jdbc.ActivityId] (value [9f39659e-63c1-4455-b7ef-e5391b257771-1]) but failed to remove it when the web application was stopped. Threads are going to be renewed over time to try and avoid a probable memory leak.
12-Jun-2026 09:57:16.999 SEVERE [Thread-1] org.apache.catalina.loader.WebappClassLoaderBase.checkThreadLocalMapForLeaks The web application [jav101-lab6-LQBAOBAO-cyber] created a ThreadLocal with key of type [com.microsoft.sqlserver.jdbc.ActivityCorrelator$1] (value [com.microsoft.sqlserver.jdbc.ActivityCorrelator$1@44a632f7]) and a value of type [com.microsoft.sqlserver.jdbc.ActivityId] (value [59986b0b-b8bb-40a7-b0d7-9a1b2ada14f6-1]) but failed to remove it when the web application was stopped. Threads are going to be renewed over time to try and avoid a probable memory leak.
12-Jun-2026 09:57:17.002 SEVERE [Thread-1] org.apache.catalina.loader.WebappClassLoaderBase.checkThreadLocalMapForLeaks The web application [jav101-lab6-LQBAOBAO-cyber] created a ThreadLocal with key of type [com.microsoft.sqlserver.jdbc.ActivityCorrelator$1] (value [com.microsoft.sqlserver.jdbc.ActivityCorrelator$1@44a632f7]) and a value of type [com.microsoft.sqlserver.jdbc.ActivityId] (value [1e546ed8-c6c4-453f-b197-70e02cf305ea-1]) but failed to remove it when the web application was stopped. Threads are going to be renewed over time to try and avoid a probable memory leak.
12-Jun-2026 09:57:17.012 INFO [Thread-1] org.apache.coyote.AbstractProtocol.stop Stopping ProtocolHandler ["http-nio-8080"]
12-Jun-2026 09:57:17.021 INFO [Thread-1] org.apache.coyote.AbstractProtocol.destroy Destroying ProtocolHandler ["http-nio-8080"]
12-Jun-2026 09:58:13.318 INFO [main] org.apache.catalina.startup.VersionLoggerListener.log Server version name:   Apache Tomcat/9.0.118
12-Jun-2026 09:58:13.331 INFO [main] org.apache.catalina.startup.VersionLoggerListener.log Server built:          May 1 2026 19:30:30 UTC
12-Jun-2026 09:58:13.332 INFO [main] org.apache.catalina.startup.VersionLoggerListener.log Server version number: 9.0.118.0
12-Jun-2026 09:58:13.333 INFO [main] org.apache.catalina.startup.VersionLoggerListener.log OS Name:               Windows 10
12-Jun-2026 09:58:13.334 INFO [main] org.apache.catalina.startup.VersionLoggerListener.log OS Version:            10.0
12-Jun-2026 09:58:13.335 INFO [main] org.apache.catalina.startup.VersionLoggerListener.log Architecture:          amd64
12-Jun-2026 09:58:13.335 INFO [main] org.apache.catalina.startup.VersionLoggerListener.log Java Home:             D:\JDKLibrary\jdk-21
12-Jun-2026 09:58:13.335 INFO [main] org.apache.catalina.startup.VersionLoggerListener.log JVM Version:           21+35-2513
12-Jun-2026 09:58:13.336 INFO [main] org.apache.catalina.startup.VersionLoggerListener.log JVM Vendor:            Oracle Corporation
12-Jun-2026 09:58:13.336 INFO [main] org.apache.catalina.startup.VersionLoggerListener.log CATALINA_BASE:         D:\Classic\VD\jav101-lab6-LQBAOBAO-cyber\.tomcat
12-Jun-2026 09:58:13.337 INFO [main] org.apache.catalina.startup.VersionLoggerListener.log CATALINA_HOME:         D:\apache-tomcat-9.0.118-windows-x64\apache-tomcat-9.0.118
12-Jun-2026 09:58:13.356 INFO [main] org.apache.catalina.startup.VersionLoggerListener.log Command line argument: --add-opens=java.base/java.lang=ALL-UNNAMED
12-Jun-2026 09:58:13.357 INFO [main] org.apache.catalina.startup.VersionLoggerListener.log Command line argument: --add-opens=java.base/java.io=ALL-UNNAMED
12-Jun-2026 09:58:13.358 INFO [main] org.apache.catalina.startup.VersionLoggerListener.log Command line argument: --add-opens=java.base/java.util=ALL-UNNAMED
12-Jun-2026 09:58:13.360 INFO [main] org.apache.catalina.startup.VersionLoggerListener.log Command line argument: --add-opens=java.base/java.util.concurrent=ALL-UNNAMED
12-Jun-2026 09:58:13.361 INFO [main] org.apache.catalina.startup.VersionLoggerListener.log Command line argument: --add-opens=java.rmi/sun.rmi.transport=ALL-UNNAMED
12-Jun-2026 09:58:13.361 INFO [main] org.apache.catalina.startup.VersionLoggerListener.log Command line argument: -Dcatalina.home=D:\apache-tomcat-9.0.118-windows-x64\apache-tomcat-9.0.118
12-Jun-2026 09:58:13.361 INFO [main] org.apache.catalina.startup.VersionLoggerListener.log Command line argument: -Dcatalina.base=D:\Classic\VD\jav101-lab6-LQBAOBAO-cyber\.tomcat
12-Jun-2026 09:58:13.362 INFO [main] org.apache.catalina.startup.VersionLoggerListener.log Command line argument: -Djava.io.tmpdir=D:\Classic\VD\jav101-lab6-LQBAOBAO-cyber\.tomcat\temp
12-Jun-2026 09:58:13.362 INFO [main] org.apache.catalina.startup.VersionLoggerListener.log Command line argument: -Djava.util.logging.config.file=D:\Classic\VD\jav101-lab6-LQBAOBAO-cyber\.tomcat\conf\logging.properties
12-Jun-2026 09:58:13.362 INFO [main] org.apache.catalina.startup.VersionLoggerListener.log Command line argument: -Djava.util.logging.manager=org.apache.juli.ClassLoaderLogManager
12-Jun-2026 09:58:13.363 INFO [main] org.apache.catalina.startup.VersionLoggerListener.log Command line argument: -javaagent:C:\Program Files\JetBrains\IntelliJ IDEA 2026.1.1\lib\idea_rt.jar=59110
12-Jun-2026 09:58:13.363 INFO [main] org.apache.catalina.startup.VersionLoggerListener.log Command line argument: -Dfile.encoding=UTF-8
12-Jun-2026 09:58:13.363 INFO [main] org.apache.catalina.startup.VersionLoggerListener.log Command line argument: -Dsun.stdout.encoding=UTF-8
12-Jun-2026 09:58:13.364 INFO [main] org.apache.catalina.startup.VersionLoggerListener.log Command line argument: -Dsun.stderr.encoding=UTF-8
12-Jun-2026 09:58:13.374 INFO [main] org.apache.catalina.core.AprLifecycleListener.lifecycleEvent Loaded Apache Tomcat Native library [1.3.7] using APR version [1.7.6].
12-Jun-2026 09:58:13.374 INFO [main] org.apache.catalina.core.AprLifecycleListener.lifecycleEvent APR capabilities: IPv6 [true], sendfile [true], accept filters [false], random [true], UDS [true].
12-Jun-2026 09:58:13.377 INFO [main] org.apache.catalina.core.AprLifecycleListener.lifecycleEvent APR/OpenSSL configuration: useAprConnector [false], useOpenSSL [true]
12-Jun-2026 09:58:13.399 INFO [main] org.apache.catalina.core.AprLifecycleListener.initializeSSL OpenSSL successfully initialized [OpenSSL 3.0.19 27 Jan 2026]
12-Jun-2026 09:58:14.882 INFO [main] org.apache.coyote.AbstractProtocol.init Initializing ProtocolHandler ["http-nio-8080"]
12-Jun-2026 09:58:14.983 INFO [main] org.apache.catalina.startup.Catalina.load Server initialization in [2252] milliseconds
12-Jun-2026 09:58:15.113 INFO [main] org.apache.catalina.core.StandardService.startInternal Starting service [Catalina]
12-Jun-2026 09:58:15.113 INFO [main] org.apache.catalina.core.StandardEngine.startInternal Starting Servlet engine: [Apache Tomcat/9.0.118]
12-Jun-2026 09:58:15.130 INFO [main] org.apache.catalina.startup.HostConfig.deployDescriptor Deploying deployment descriptor [D:\Classic\VD\jav101-lab6-LQBAOBAO-cyber\.tomcat\conf\Catalina\localhost\jav101-lab6-LQBAOBAO-cyber.xml]
12-Jun-2026 09:58:17.883 INFO [main] org.apache.jasper.servlet.TldScanner.scanJars At least one JAR was scanned for TLDs yet contained no TLDs. Enable debug logging for this logger for a complete list of JARs that were scanned but no TLDs were found in them. Skipping unneeded JARs during scanning can improve startup time and JSP compilation time.
12-Jun-2026 09:58:18.450 INFO [main] org.apache.catalina.startup.HostConfig.deployDescriptor Deployment of deployment descriptor [D:\Classic\VD\jav101-lab6-LQBAOBAO-cyber\.tomcat\conf\Catalina\localhost\jav101-lab6-LQBAOBAO-cyber.xml] has finished in [3,319] ms
12-Jun-2026 09:58:18.458 INFO [main] org.apache.coyote.AbstractProtocol.start Starting ProtocolHandler ["http-nio-8080"]
12-Jun-2026 09:58:18.505 INFO [main] org.apache.catalina.startup.Catalina.start Server startup in [3519] milliseconds
12-Jun-2026 09:59:37.820 INFO [Thread-1] org.apache.coyote.AbstractProtocol.pause Pausing ProtocolHandler ["http-nio-8080"]
12-Jun-2026 09:59:37.840 INFO [Thread-1] org.apache.catalina.core.StandardService.stopInternal Stopping service [Catalina]
12-Jun-2026 09:59:37.880 WARNING [Thread-1] org.apache.catalina.loader.WebappClassLoaderBase.clearReferencesJdbc The web application [jav101-lab6-LQBAOBAO-cyber] registered the JDBC driver [com.microsoft.sqlserver.jdbc.SQLServerDriver] but failed to unregister it when the web application was stopped. To prevent a memory leak, the JDBC Driver has been forcibly unregistered.
12-Jun-2026 09:59:37.902 SEVERE [Thread-1] org.apache.catalina.loader.WebappClassLoaderBase.checkThreadLocalMapForLeaks The web application [jav101-lab6-LQBAOBAO-cyber] created a ThreadLocal with key of type [com.microsoft.sqlserver.jdbc.ActivityCorrelator$1] (value [com.microsoft.sqlserver.jdbc.ActivityCorrelator$1@95d7cf7]) and a value of type [com.microsoft.sqlserver.jdbc.ActivityId] (value [e9682c58-6ae3-4750-bbfe-7aa801e034d6-1]) but failed to remove it when the web application was stopped. Threads are going to be renewed over time to try and avoid a probable memory leak.
12-Jun-2026 09:59:37.906 SEVERE [Thread-1] org.apache.catalina.loader.WebappClassLoaderBase.checkThreadLocalMapForLeaks The web application [jav101-lab6-LQBAOBAO-cyber] created a ThreadLocal with key of type [com.microsoft.sqlserver.jdbc.ActivityCorrelator$1] (value [com.microsoft.sqlserver.jdbc.ActivityCorrelator$1@95d7cf7]) and a value of type [com.microsoft.sqlserver.jdbc.ActivityId] (value [68dd1b62-6911-44c9-bcb8-fb7f917764ee-2]) but failed to remove it when the web application was stopped. Threads are going to be renewed over time to try and avoid a probable memory leak.
12-Jun-2026 09:59:37.909 SEVERE [Thread-1] org.apache.catalina.loader.WebappClassLoaderBase.checkThreadLocalMapForLeaks The web application [jav101-lab6-LQBAOBAO-cyber] created a ThreadLocal with key of type [com.microsoft.sqlserver.jdbc.ActivityCorrelator$1] (value [com.microsoft.sqlserver.jdbc.ActivityCorrelator$1@95d7cf7]) and a value of type [com.microsoft.sqlserver.jdbc.ActivityId] (value [065326cb-1673-45af-855b-28faf107b783-1]) but failed to remove it when the web application was stopped. Threads are going to be renewed over time to try and avoid a probable memory leak.
12-Jun-2026 09:59:37.913 SEVERE [Thread-1] org.apache.catalina.loader.WebappClassLoaderBase.checkThreadLocalMapForLeaks The web application [jav101-lab6-LQBAOBAO-cyber] created a ThreadLocal with key of type [com.microsoft.sqlserver.jdbc.ActivityCorrelator$1] (value [com.microsoft.sqlserver.jdbc.ActivityCorrelator$1@95d7cf7]) and a value of type [com.microsoft.sqlserver.jdbc.ActivityId] (value [5f547487-c107-4e8f-bc14-c6fb7abad7c9-1]) but failed to remove it when the web application was stopped. Threads are going to be renewed over time to try and avoid a probable memory leak.
12-Jun-2026 09:59:37.914 SEVERE [Thread-1] org.apache.catalina.loader.WebappClassLoaderBase.checkThreadLocalMapForLeaks The web application [jav101-lab6-LQBAOBAO-cyber] created a ThreadLocal with key of type [com.microsoft.sqlserver.jdbc.ActivityCorrelator$1] (value [com.microsoft.sqlserver.jdbc.ActivityCorrelator$1@95d7cf7]) and a value of type [com.microsoft.sqlserver.jdbc.ActivityId] (value [f542d799-b83d-4ec7-ab1e-487a0a7e3c50-1]) but failed to remove it when the web application was stopped. Threads are going to be renewed over time to try and avoid a probable memory leak.
12-Jun-2026 09:59:37.917 SEVERE [Thread-1] org.apache.catalina.loader.WebappClassLoaderBase.checkThreadLocalMapForLeaks The web application [jav101-lab6-LQBAOBAO-cyber] created a ThreadLocal with key of type [com.microsoft.sqlserver.jdbc.ActivityCorrelator$1] (value [com.microsoft.sqlserver.jdbc.ActivityCorrelator$1@95d7cf7]) and a value of type [com.microsoft.sqlserver.jdbc.ActivityId] (value [7c20345f-2cbe-4e8f-83ba-b176847b308f-1]) but failed to remove it when the web application was stopped. Threads are going to be renewed over time to try and avoid a probable memory leak.
12-Jun-2026 09:59:37.919 SEVERE [Thread-1] org.apache.catalina.loader.WebappClassLoaderBase.checkThreadLocalMapForLeaks The web application [jav101-lab6-LQBAOBAO-cyber] created a ThreadLocal with key of type [com.microsoft.sqlserver.jdbc.ActivityCorrelator$1] (value [com.microsoft.sqlserver.jdbc.ActivityCorrelator$1@95d7cf7]) and a value of type [com.microsoft.sqlserver.jdbc.ActivityId] (value [72a764d3-f43c-41f5-b0b5-fff13fdf1ee0-1]) but failed to remove it when the web application was stopped. Threads are going to be renewed over time to try and avoid a probable memory leak.
12-Jun-2026 09:59:37.923 SEVERE [Thread-1] org.apache.catalina.loader.WebappClassLoaderBase.checkThreadLocalMapForLeaks The web application [jav101-lab6-LQBAOBAO-cyber] created a ThreadLocal with key of type [com.microsoft.sqlserver.jdbc.ActivityCorrelator$1] (value [com.microsoft.sqlserver.jdbc.ActivityCorrelator$1@95d7cf7]) and a value of type [com.microsoft.sqlserver.jdbc.ActivityId] (value [52473ae7-a971-400c-937e-6080e9efdd97-1]) but failed to remove it when the web application was stopped. Threads are going to be renewed over time to try and avoid a probable memory leak.
12-Jun-2026 09:59:37.924 SEVERE [Thread-1] org.apache.catalina.loader.WebappClassLoaderBase.checkThreadLocalMapForLeaks The web application [jav101-lab6-LQBAOBAO-cyber] created a ThreadLocal with key of type [com.microsoft.sqlserver.jdbc.ActivityCorrelator$1] (value [com.microsoft.sqlserver.jdbc.ActivityCorrelator$1@95d7cf7]) and a value of type [com.microsoft.sqlserver.jdbc.ActivityId] (value [4702e62d-7f57-4011-bd10-99f8ac24a7f5-1]) but failed to remove it when the web application was stopped. Threads are going to be renewed over time to try and avoid a probable memory leak.
12-Jun-2026 09:59:37.937 INFO [Thread-1] org.apache.coyote.AbstractProtocol.stop Stopping ProtocolHandler ["http-nio-8080"]
12-Jun-2026 09:59:37.957 INFO [Thread-1] org.apache.coyote.AbstractProtocol.destroy Destroying ProtocolHandler ["http-nio-8080"]
12-Jun-2026 09:59:43.866 INFO [main] org.apache.catalina.startup.VersionLoggerListener.log Server version name:   Apache Tomcat/9.0.118
12-Jun-2026 09:59:43.874 INFO [main] org.apache.catalina.startup.VersionLoggerListener.log Server built:          May 1 2026 19:30:30 UTC
12-Jun-2026 09:59:43.875 INFO [main] org.apache.catalina.startup.VersionLoggerListener.log Server version number: 9.0.118.0
12-Jun-2026 09:59:43.875 INFO [main] org.apache.catalina.startup.VersionLoggerListener.log OS Name:               Windows 10
12-Jun-2026 09:59:43.875 INFO [main] org.apache.catalina.startup.VersionLoggerListener.log OS Version:            10.0
12-Jun-2026 09:59:43.875 INFO [main] org.apache.catalina.startup.VersionLoggerListener.log Architecture:          amd64
12-Jun-2026 09:59:43.876 INFO [main] org.apache.catalina.startup.VersionLoggerListener.log Java Home:             D:\JDKLibrary\jdk-21
12-Jun-2026 09:59:43.876 INFO [main] org.apache.catalina.startup.VersionLoggerListener.log JVM Version:           21+35-2513
12-Jun-2026 09:59:43.876 INFO [main] org.apache.catalina.startup.VersionLoggerListener.log JVM Vendor:            Oracle Corporation
12-Jun-2026 09:59:43.876 INFO [main] org.apache.catalina.startup.VersionLoggerListener.log CATALINA_BASE:         D:\Classic\VD\jav101-lab6-LQBAOBAO-cyber\.tomcat
12-Jun-2026 09:59:43.877 INFO [main] org.apache.catalina.startup.VersionLoggerListener.log CATALINA_HOME:         D:\apache-tomcat-9.0.118-windows-x64\apache-tomcat-9.0.118
12-Jun-2026 09:59:43.891 INFO [main] org.apache.catalina.startup.VersionLoggerListener.log Command line argument: --add-opens=java.base/java.lang=ALL-UNNAMED
12-Jun-2026 09:59:43.891 INFO [main] org.apache.catalina.startup.VersionLoggerListener.log Command line argument: --add-opens=java.base/java.io=ALL-UNNAMED
12-Jun-2026 09:59:43.891 INFO [main] org.apache.catalina.startup.VersionLoggerListener.log Command line argument: --add-opens=java.base/java.util=ALL-UNNAMED
12-Jun-2026 09:59:43.892 INFO [main] org.apache.catalina.startup.VersionLoggerListener.log Command line argument: --add-opens=java.base/java.util.concurrent=ALL-UNNAMED
12-Jun-2026 09:59:43.892 INFO [main] org.apache.catalina.startup.VersionLoggerListener.log Command line argument: --add-opens=java.rmi/sun.rmi.transport=ALL-UNNAMED
12-Jun-2026 09:59:43.892 INFO [main] org.apache.catalina.startup.VersionLoggerListener.log Command line argument: -Dcatalina.home=D:\apache-tomcat-9.0.118-windows-x64\apache-tomcat-9.0.118
12-Jun-2026 09:59:43.892 INFO [main] org.apache.catalina.startup.VersionLoggerListener.log Command line argument: -Dcatalina.base=D:\Classic\VD\jav101-lab6-LQBAOBAO-cyber\.tomcat
12-Jun-2026 09:59:43.892 INFO [main] org.apache.catalina.startup.VersionLoggerListener.log Command line argument: -Djava.io.tmpdir=D:\Classic\VD\jav101-lab6-LQBAOBAO-cyber\.tomcat\temp
12-Jun-2026 09:59:43.893 INFO [main] org.apache.catalina.startup.VersionLoggerListener.log Command line argument: -Djava.util.logging.config.file=D:\Classic\VD\jav101-lab6-LQBAOBAO-cyber\.tomcat\conf\logging.properties
12-Jun-2026 09:59:43.893 INFO [main] org.apache.catalina.startup.VersionLoggerListener.log Command line argument: -Djava.util.logging.manager=org.apache.juli.ClassLoaderLogManager
12-Jun-2026 09:59:43.893 INFO [main] org.apache.catalina.startup.VersionLoggerListener.log Command line argument: -javaagent:C:\Program Files\JetBrains\IntelliJ IDEA 2026.1.1\lib\idea_rt.jar=59140
12-Jun-2026 09:59:43.893 INFO [main] org.apache.catalina.startup.VersionLoggerListener.log Command line argument: -Dfile.encoding=UTF-8
12-Jun-2026 09:59:43.894 INFO [main] org.apache.catalina.startup.VersionLoggerListener.log Command line argument: -Dsun.stdout.encoding=UTF-8
12-Jun-2026 09:59:43.894 INFO [main] org.apache.catalina.startup.VersionLoggerListener.log Command line argument: -Dsun.stderr.encoding=UTF-8
12-Jun-2026 09:59:43.901 INFO [main] org.apache.catalina.core.AprLifecycleListener.lifecycleEvent Loaded Apache Tomcat Native library [1.3.7] using APR version [1.7.6].
12-Jun-2026 09:59:43.901 INFO [main] org.apache.catalina.core.AprLifecycleListener.lifecycleEvent APR capabilities: IPv6 [true], sendfile [true], accept filters [false], random [true], UDS [true].
12-Jun-2026 09:59:43.902 INFO [main] org.apache.catalina.core.AprLifecycleListener.lifecycleEvent APR/OpenSSL configuration: useAprConnector [false], useOpenSSL [true]
12-Jun-2026 09:59:43.915 INFO [main] org.apache.catalina.core.AprLifecycleListener.initializeSSL OpenSSL successfully initialized [OpenSSL 3.0.19 27 Jan 2026]
12-Jun-2026 09:59:45.037 INFO [main] org.apache.coyote.AbstractProtocol.init Initializing ProtocolHandler ["http-nio-8080"]
12-Jun-2026 09:59:45.083 INFO [main] org.apache.catalina.startup.Catalina.load Server initialization in [1654] milliseconds
12-Jun-2026 09:59:45.186 INFO [main] org.apache.catalina.core.StandardService.startInternal Starting service [Catalina]
12-Jun-2026 09:59:45.187 INFO [main] org.apache.catalina.core.StandardEngine.startInternal Starting Servlet engine: [Apache Tomcat/9.0.118]
12-Jun-2026 09:59:45.203 INFO [main] org.apache.catalina.startup.HostConfig.deployDescriptor Deploying deployment descriptor [D:\Classic\VD\jav101-lab6-LQBAOBAO-cyber\.tomcat\conf\Catalina\localhost\jav101-lab6-LQBAOBAO-cyber.xml]
12-Jun-2026 09:59:47.802 INFO [main] org.apache.jasper.servlet.TldScanner.scanJars At least one JAR was scanned for TLDs yet contained no TLDs. Enable debug logging for this logger for a complete list of JARs that were scanned but no TLDs were found in them. Skipping unneeded JARs during scanning can improve startup time and JSP compilation time.
12-Jun-2026 09:59:47.999 INFO [main] org.apache.catalina.startup.HostConfig.deployDescriptor Deployment of deployment descriptor [D:\Classic\VD\jav101-lab6-LQBAOBAO-cyber\.tomcat\conf\Catalina\localhost\jav101-lab6-LQBAOBAO-cyber.xml] has finished in [2,796] ms
12-Jun-2026 09:59:48.028 INFO [main] org.apache.coyote.AbstractProtocol.start Starting ProtocolHandler ["http-nio-8080"]
12-Jun-2026 09:59:48.104 INFO [main] org.apache.catalina.startup.Catalina.start Server startup in [3018] milliseconds
12-Jun-2026 10:00:24.509 INFO [Thread-1] org.apache.coyote.AbstractProtocol.pause Pausing ProtocolHandler ["http-nio-8080"]
12-Jun-2026 10:00:24.521 INFO [Thread-1] org.apache.catalina.core.StandardService.stopInternal Stopping service [Catalina]
12-Jun-2026 10:00:24.560 WARNING [Thread-1] org.apache.catalina.loader.WebappClassLoaderBase.clearReferencesJdbc The web application [jav101-lab6-LQBAOBAO-cyber] registered the JDBC driver [com.microsoft.sqlserver.jdbc.SQLServerDriver] but failed to unregister it when the web application was stopped. To prevent a memory leak, the JDBC Driver has been forcibly unregistered.
12-Jun-2026 10:00:24.586 SEVERE [Thread-1] org.apache.catalina.loader.WebappClassLoaderBase.checkThreadLocalMapForLeaks The web application [jav101-lab6-LQBAOBAO-cyber] created a ThreadLocal with key of type [com.microsoft.sqlserver.jdbc.ActivityCorrelator$1] (value [com.microsoft.sqlserver.jdbc.ActivityCorrelator$1@3da718b5]) and a value of type [com.microsoft.sqlserver.jdbc.ActivityId] (value [bd4df94b-cc5b-4694-8fc4-5cf877bb704d-1]) but failed to remove it when the web application was stopped. Threads are going to be renewed over time to try and avoid a probable memory leak.
12-Jun-2026 10:00:24.588 SEVERE [Thread-1] org.apache.catalina.loader.WebappClassLoaderBase.checkThreadLocalMapForLeaks The web application [jav101-lab6-LQBAOBAO-cyber] created a ThreadLocal with key of type [com.microsoft.sqlserver.jdbc.ActivityCorrelator$1] (value [com.microsoft.sqlserver.jdbc.ActivityCorrelator$1@3da718b5]) and a value of type [com.microsoft.sqlserver.jdbc.ActivityId] (value [fceb9b5c-df11-4741-94a6-23e46920baa1-1]) but failed to remove it when the web application was stopped. Threads are going to be renewed over time to try and avoid a probable memory leak.
12-Jun-2026 10:00:24.594 SEVERE [Thread-1] org.apache.catalina.loader.WebappClassLoaderBase.checkThreadLocalMapForLeaks The web application [jav101-lab6-LQBAOBAO-cyber] created a ThreadLocal with key of type [com.microsoft.sqlserver.jdbc.ActivityCorrelator$1] (value [com.microsoft.sqlserver.jdbc.ActivityCorrelator$1@3da718b5]) and a value of type [com.microsoft.sqlserver.jdbc.ActivityId] (value [51941110-d6b0-4c77-b95a-86ab4f91b140-1]) but failed to remove it when the web application was stopped. Threads are going to be renewed over time to try and avoid a probable memory leak.
12-Jun-2026 10:00:24.607 INFO [Thread-1] org.apache.coyote.AbstractProtocol.stop Stopping ProtocolHandler ["http-nio-8080"]
12-Jun-2026 10:00:24.616 INFO [Thread-1] org.apache.coyote.AbstractProtocol.destroy Destroying ProtocolHandler ["http-nio-8080"]
12-Jun-2026 10:03:34.288 INFO [main] org.apache.catalina.startup.VersionLoggerListener.log Server version name:   Apache Tomcat/9.0.118
12-Jun-2026 10:03:34.300 INFO [main] org.apache.catalina.startup.VersionLoggerListener.log Server built:          May 1 2026 19:30:30 UTC
12-Jun-2026 10:03:34.300 INFO [main] org.apache.catalina.startup.VersionLoggerListener.log Server version number: 9.0.118.0
12-Jun-2026 10:03:34.311 INFO [main] org.apache.catalina.startup.VersionLoggerListener.log OS Name:               Windows 10
12-Jun-2026 10:03:34.312 INFO [main] org.apache.catalina.startup.VersionLoggerListener.log OS Version:            10.0
12-Jun-2026 10:03:34.312 INFO [main] org.apache.catalina.startup.VersionLoggerListener.log Architecture:          amd64
12-Jun-2026 10:03:34.312 INFO [main] org.apache.catalina.startup.VersionLoggerListener.log Java Home:             D:\JDKLibrary\jdk-21
12-Jun-2026 10:03:34.313 INFO [main] org.apache.catalina.startup.VersionLoggerListener.log JVM Version:           21+35-2513
12-Jun-2026 10:03:34.314 INFO [main] org.apache.catalina.startup.VersionLoggerListener.log JVM Vendor:            Oracle Corporation
12-Jun-2026 10:03:34.314 INFO [main] org.apache.catalina.startup.VersionLoggerListener.log CATALINA_BASE:         D:\Classic\VD\jav101-lab6-LQBAOBAO-cyber\.tomcat
12-Jun-2026 10:03:34.315 INFO [main] org.apache.catalina.startup.VersionLoggerListener.log CATALINA_HOME:         D:\apache-tomcat-9.0.118-windows-x64\apache-tomcat-9.0.118
12-Jun-2026 10:03:34.325 INFO [main] org.apache.catalina.startup.VersionLoggerListener.log Command line argument: --add-opens=java.base/java.lang=ALL-UNNAMED
12-Jun-2026 10:03:34.325 INFO [main] org.apache.catalina.startup.VersionLoggerListener.log Command line argument: --add-opens=java.base/java.io=ALL-UNNAMED
12-Jun-2026 10:03:34.326 INFO [main] org.apache.catalina.startup.VersionLoggerListener.log Command line argument: --add-opens=java.base/java.util=ALL-UNNAMED
12-Jun-2026 10:03:34.326 INFO [main] org.apache.catalina.startup.VersionLoggerListener.log Command line argument: --add-opens=java.base/java.util.concurrent=ALL-UNNAMED
12-Jun-2026 10:03:34.329 INFO [main] org.apache.catalina.startup.VersionLoggerListener.log Command line argument: --add-opens=java.rmi/sun.rmi.transport=ALL-UNNAMED
12-Jun-2026 10:03:34.329 INFO [main] org.apache.catalina.startup.VersionLoggerListener.log Command line argument: -Dcatalina.home=D:\apache-tomcat-9.0.118-windows-x64\apache-tomcat-9.0.118
12-Jun-2026 10:03:34.329 INFO [main] org.apache.catalina.startup.VersionLoggerListener.log Command line argument: -Dcatalina.base=D:\Classic\VD\jav101-lab6-LQBAOBAO-cyber\.tomcat
12-Jun-2026 10:03:34.329 INFO [main] org.apache.catalina.startup.VersionLoggerListener.log Command line argument: -Djava.io.tmpdir=D:\Classic\VD\jav101-lab6-LQBAOBAO-cyber\.tomcat\temp
12-Jun-2026 10:03:34.330 INFO [main] org.apache.catalina.startup.VersionLoggerListener.log Command line argument: -Djava.util.logging.config.file=D:\Classic\VD\jav101-lab6-LQBAOBAO-cyber\.tomcat\conf\logging.properties
12-Jun-2026 10:03:34.331 INFO [main] org.apache.catalina.startup.VersionLoggerListener.log Command line argument: -Djava.util.logging.manager=org.apache.juli.ClassLoaderLogManager
12-Jun-2026 10:03:34.331 INFO [main] org.apache.catalina.startup.VersionLoggerListener.log Command line argument: -javaagent:C:\Program Files\JetBrains\IntelliJ IDEA 2026.1.1\lib\idea_rt.jar=59245
12-Jun-2026 10:03:34.331 INFO [main] org.apache.catalina.startup.VersionLoggerListener.log Command line argument: -Dfile.encoding=UTF-8
12-Jun-2026 10:03:34.331 INFO [main] org.apache.catalina.startup.VersionLoggerListener.log Command line argument: -Dsun.stdout.encoding=UTF-8
12-Jun-2026 10:03:34.332 INFO [main] org.apache.catalina.startup.VersionLoggerListener.log Command line argument: -Dsun.stderr.encoding=UTF-8
12-Jun-2026 10:03:34.342 INFO [main] org.apache.catalina.core.AprLifecycleListener.lifecycleEvent Loaded Apache Tomcat Native library [1.3.7] using APR version [1.7.6].
12-Jun-2026 10:03:34.343 INFO [main] org.apache.catalina.core.AprLifecycleListener.lifecycleEvent APR capabilities: IPv6 [true], sendfile [true], accept filters [false], random [true], UDS [true].
12-Jun-2026 10:03:34.343 INFO [main] org.apache.catalina.core.AprLifecycleListener.lifecycleEvent APR/OpenSSL configuration: useAprConnector [false], useOpenSSL [true]
12-Jun-2026 10:03:34.361 INFO [main] org.apache.catalina.core.AprLifecycleListener.initializeSSL OpenSSL successfully initialized [OpenSSL 3.0.19 27 Jan 2026]
12-Jun-2026 10:03:35.570 INFO [main] org.apache.coyote.AbstractProtocol.init Initializing ProtocolHandler ["http-nio-8080"]
12-Jun-2026 10:03:35.627 INFO [main] org.apache.catalina.startup.Catalina.load Server initialization in [2072] milliseconds
12-Jun-2026 10:03:35.726 INFO [main] org.apache.catalina.core.StandardService.startInternal Starting service [Catalina]
12-Jun-2026 10:03:35.726 INFO [main] org.apache.catalina.core.StandardEngine.startInternal Starting Servlet engine: [Apache Tomcat/9.0.118]
12-Jun-2026 10:03:35.745 INFO [main] org.apache.catalina.startup.HostConfig.deployDescriptor Deploying deployment descriptor [D:\Classic\VD\jav101-lab6-LQBAOBAO-cyber\.tomcat\conf\Catalina\localhost\jav101-lab6-LQBAOBAO-cyber.xml]
12-Jun-2026 10:03:38.091 INFO [main] org.apache.jasper.servlet.TldScanner.scanJars At least one JAR was scanned for TLDs yet contained no TLDs. Enable debug logging for this logger for a complete list of JARs that were scanned but no TLDs were found in them. Skipping unneeded JARs during scanning can improve startup time and JSP compilation time.
12-Jun-2026 10:03:38.310 INFO [main] org.apache.catalina.startup.HostConfig.deployDescriptor Deployment of deployment descriptor [D:\Classic\VD\jav101-lab6-LQBAOBAO-cyber\.tomcat\conf\Catalina\localhost\jav101-lab6-LQBAOBAO-cyber.xml] has finished in [2,564] ms
12-Jun-2026 10:03:38.321 INFO [main] org.apache.coyote.AbstractProtocol.start Starting ProtocolHandler ["http-nio-8080"]
12-Jun-2026 10:03:38.373 INFO [main] org.apache.catalina.startup.Catalina.start Server startup in [2744] milliseconds
12-Jun-2026 10:04:14.598 INFO [Thread-1] org.apache.coyote.AbstractProtocol.pause Pausing ProtocolHandler ["http-nio-8080"]
12-Jun-2026 10:04:14.615 INFO [Thread-1] org.apache.catalina.core.StandardService.stopInternal Stopping service [Catalina]
12-Jun-2026 10:04:14.796 WARNING [Thread-1] org.apache.catalina.loader.WebappClassLoaderBase.clearReferencesJdbc The web application [jav101-lab6-LQBAOBAO-cyber] registered the JDBC driver [com.microsoft.sqlserver.jdbc.SQLServerDriver] but failed to unregister it when the web application was stopped. To prevent a memory leak, the JDBC Driver has been forcibly unregistered.
12-Jun-2026 10:04:14.828 SEVERE [Thread-1] org.apache.catalina.loader.WebappClassLoaderBase.checkThreadLocalMapForLeaks The web application [jav101-lab6-LQBAOBAO-cyber] created a ThreadLocal with key of type [com.microsoft.sqlserver.jdbc.ActivityCorrelator$1] (value [com.microsoft.sqlserver.jdbc.ActivityCorrelator$1@15ce73c0]) and a value of type [com.microsoft.sqlserver.jdbc.ActivityId] (value [7c81b790-c254-4046-a3f1-330d55c53444-1]) but failed to remove it when the web application was stopped. Threads are going to be renewed over time to try and avoid a probable memory leak.
12-Jun-2026 10:04:14.830 SEVERE [Thread-1] org.apache.catalina.loader.WebappClassLoaderBase.checkThreadLocalMapForLeaks The web application [jav101-lab6-LQBAOBAO-cyber] created a ThreadLocal with key of type [com.microsoft.sqlserver.jdbc.ActivityCorrelator$1] (value [com.microsoft.sqlserver.jdbc.ActivityCorrelator$1@15ce73c0]) and a value of type [com.microsoft.sqlserver.jdbc.ActivityId] (value [36ffc6ac-6d85-4e3c-b29c-915badf4e283-1]) but failed to remove it when the web application was stopped. Threads are going to be renewed over time to try and avoid a probable memory leak.
12-Jun-2026 10:04:14.831 SEVERE [Thread-1] org.apache.catalina.loader.WebappClassLoaderBase.checkThreadLocalMapForLeaks The web application [jav101-lab6-LQBAOBAO-cyber] created a ThreadLocal with key of type [com.microsoft.sqlserver.jdbc.ActivityCorrelator$1] (value [com.microsoft.sqlserver.jdbc.ActivityCorrelator$1@15ce73c0]) and a value of type [com.microsoft.sqlserver.jdbc.ActivityId] (value [ce8121db-5a0c-40c3-9248-6ecd9f6a7b54-1]) but failed to remove it when the web application was stopped. Threads are going to be renewed over time to try and avoid a probable memory leak.
12-Jun-2026 10:04:14.833 SEVERE [Thread-1] org.apache.catalina.loader.WebappClassLoaderBase.checkThreadLocalMapForLeaks The web application [jav101-lab6-LQBAOBAO-cyber] created a ThreadLocal with key of type [com.microsoft.sqlserver.jdbc.ActivityCorrelator$1] (value [com.microsoft.sqlserver.jdbc.ActivityCorrelator$1@15ce73c0]) and a value of type [com.microsoft.sqlserver.jdbc.ActivityId] (value [eac3ee55-f132-484f-9f26-1a0fa96d2935-1]) but failed to remove it when the web application was stopped. Threads are going to be renewed over time to try and avoid a probable memory leak.
12-Jun-2026 10:04:14.834 SEVERE [Thread-1] org.apache.catalina.loader.WebappClassLoaderBase.checkThreadLocalMapForLeaks The web application [jav101-lab6-LQBAOBAO-cyber] created a ThreadLocal with key of type [com.microsoft.sqlserver.jdbc.ActivityCorrelator$1] (value [com.microsoft.sqlserver.jdbc.ActivityCorrelator$1@15ce73c0]) and a value of type [com.microsoft.sqlserver.jdbc.ActivityId] (value [7d1c4c92-8945-4aa7-b0fb-ea1b678e9e96-1]) but failed to remove it when the web application was stopped. Threads are going to be renewed over time to try and avoid a probable memory leak.
12-Jun-2026 10:04:14.839 SEVERE [Thread-1] org.apache.catalina.loader.WebappClassLoaderBase.checkThreadLocalMapForLeaks The web application [jav101-lab6-LQBAOBAO-cyber] created a ThreadLocal with key of type [com.microsoft.sqlserver.jdbc.ActivityCorrelator$1] (value [com.microsoft.sqlserver.jdbc.ActivityCorrelator$1@15ce73c0]) and a value of type [com.microsoft.sqlserver.jdbc.ActivityId] (value [799f7386-4c38-4e22-9b29-46407572d06d-1]) but failed to remove it when the web application was stopped. Threads are going to be renewed over time to try and avoid a probable memory leak.
12-Jun-2026 10:04:14.841 SEVERE [Thread-1] org.apache.catalina.loader.WebappClassLoaderBase.checkThreadLocalMapForLeaks The web application [jav101-lab6-LQBAOBAO-cyber] created a ThreadLocal with key of type [com.microsoft.sqlserver.jdbc.ActivityCorrelator$1] (value [com.microsoft.sqlserver.jdbc.ActivityCorrelator$1@15ce73c0]) and a value of type [com.microsoft.sqlserver.jdbc.ActivityId] (value [b0cee396-4383-4f6d-99ae-9f0797f7daf8-1]) but failed to remove it when the web application was stopped. Threads are going to be renewed over time to try and avoid a probable memory leak.
12-Jun-2026 10:04:14.842 SEVERE [Thread-1] org.apache.catalina.loader.WebappClassLoaderBase.checkThreadLocalMapForLeaks The web application [jav101-lab6-LQBAOBAO-cyber] created a ThreadLocal with key of type [com.microsoft.sqlserver.jdbc.ActivityCorrelator$1] (value [com.microsoft.sqlserver.jdbc.ActivityCorrelator$1@15ce73c0]) and a value of type [com.microsoft.sqlserver.jdbc.ActivityId] (value [9b95a42c-5205-4ebd-b455-124c23fd7cbf-1]) but failed to remove it when the web application was stopped. Threads are going to be renewed over time to try and avoid a probable memory leak.
12-Jun-2026 10:04:14.845 SEVERE [Thread-1] org.apache.catalina.loader.WebappClassLoaderBase.checkThreadLocalMapForLeaks The web application [jav101-lab6-LQBAOBAO-cyber] created a ThreadLocal with key of type [com.microsoft.sqlserver.jdbc.ActivityCorrelator$1] (value [com.microsoft.sqlserver.jdbc.ActivityCorrelator$1@15ce73c0]) and a value of type [com.microsoft.sqlserver.jdbc.ActivityId] (value [75747c6b-700e-45b4-91e3-81f1e73b0787-1]) but failed to remove it when the web application was stopped. Threads are going to be renewed over time to try and avoid a probable memory leak.
12-Jun-2026 10:04:14.846 SEVERE [Thread-1] org.apache.catalina.loader.WebappClassLoaderBase.checkThreadLocalMapForLeaks The web application [jav101-lab6-LQBAOBAO-cyber] created a ThreadLocal with key of type [com.microsoft.sqlserver.jdbc.ActivityCorrelator$1] (value [com.microsoft.sqlserver.jdbc.ActivityCorrelator$1@15ce73c0]) and a value of type [com.microsoft.sqlserver.jdbc.ActivityId] (value [5cb9d3b6-962e-4f10-a252-fbfd15532d40-1]) but failed to remove it when the web application was stopped. Threads are going to be renewed over time to try and avoid a probable memory leak.
12-Jun-2026 10:04:14.857 INFO [Thread-1] org.apache.coyote.AbstractProtocol.stop Stopping ProtocolHandler ["http-nio-8080"]
12-Jun-2026 10:04:14.878 INFO [Thread-1] org.apache.coyote.AbstractProtocol.destroy Destroying ProtocolHandler ["http-nio-8080"]
12-Jun-2026 10:40:50.079 INFO [main] org.apache.catalina.startup.VersionLoggerListener.log Server version name:   Apache Tomcat/9.0.118
12-Jun-2026 10:40:50.090 INFO [main] org.apache.catalina.startup.VersionLoggerListener.log Server built:          May 1 2026 19:30:30 UTC
12-Jun-2026 10:40:50.091 INFO [main] org.apache.catalina.startup.VersionLoggerListener.log Server version number: 9.0.118.0
12-Jun-2026 10:40:50.093 INFO [main] org.apache.catalina.startup.VersionLoggerListener.log OS Name:               Windows 10
12-Jun-2026 10:40:50.094 INFO [main] org.apache.catalina.startup.VersionLoggerListener.log OS Version:            10.0
12-Jun-2026 10:40:50.094 INFO [main] org.apache.catalina.startup.VersionLoggerListener.log Architecture:          amd64
12-Jun-2026 10:40:50.095 INFO [main] org.apache.catalina.startup.VersionLoggerListener.log Java Home:             D:\JDKLibrary\jdk-21
12-Jun-2026 10:40:50.095 INFO [main] org.apache.catalina.startup.VersionLoggerListener.log JVM Version:           21+35-2513
12-Jun-2026 10:40:50.096 INFO [main] org.apache.catalina.startup.VersionLoggerListener.log JVM Vendor:            Oracle Corporation
12-Jun-2026 10:40:50.097 INFO [main] org.apache.catalina.startup.VersionLoggerListener.log CATALINA_BASE:         D:\Classic\VD\jav101-lab6-LQBAOBAO-cyber\.tomcat
12-Jun-2026 10:40:50.097 INFO [main] org.apache.catalina.startup.VersionLoggerListener.log CATALINA_HOME:         D:\apache-tomcat-9.0.118-windows-x64\apache-tomcat-9.0.118
12-Jun-2026 10:40:50.110 INFO [main] org.apache.catalina.startup.VersionLoggerListener.log Command line argument: --add-opens=java.base/java.lang=ALL-UNNAMED
12-Jun-2026 10:40:50.111 INFO [main] org.apache.catalina.startup.VersionLoggerListener.log Command line argument: --add-opens=java.base/java.io=ALL-UNNAMED
12-Jun-2026 10:40:50.111 INFO [main] org.apache.catalina.startup.VersionLoggerListener.log Command line argument: --add-opens=java.base/java.util=ALL-UNNAMED
12-Jun-2026 10:40:50.111 INFO [main] org.apache.catalina.startup.VersionLoggerListener.log Command line argument: --add-opens=java.base/java.util.concurrent=ALL-UNNAMED
12-Jun-2026 10:40:50.111 INFO [main] org.apache.catalina.startup.VersionLoggerListener.log Command line argument: --add-opens=java.rmi/sun.rmi.transport=ALL-UNNAMED
12-Jun-2026 10:40:50.112 INFO [main] org.apache.catalina.startup.VersionLoggerListener.log Command line argument: -Dcatalina.home=D:\apache-tomcat-9.0.118-windows-x64\apache-tomcat-9.0.118
12-Jun-2026 10:40:50.112 INFO [main] org.apache.catalina.startup.VersionLoggerListener.log Command line argument: -Dcatalina.base=D:\Classic\VD\jav101-lab6-LQBAOBAO-cyber\.tomcat
12-Jun-2026 10:40:50.112 INFO [main] org.apache.catalina.startup.VersionLoggerListener.log Command line argument: -Djava.io.tmpdir=D:\Classic\VD\jav101-lab6-LQBAOBAO-cyber\.tomcat\temp
12-Jun-2026 10:40:50.112 INFO [main] org.apache.catalina.startup.VersionLoggerListener.log Command line argument: -Djava.util.logging.config.file=D:\Classic\VD\jav101-lab6-LQBAOBAO-cyber\.tomcat\conf\logging.properties
12-Jun-2026 10:40:50.112 INFO [main] org.apache.catalina.startup.VersionLoggerListener.log Command line argument: -Djava.util.logging.manager=org.apache.juli.ClassLoaderLogManager
12-Jun-2026 10:40:50.113 INFO [main] org.apache.catalina.startup.VersionLoggerListener.log Command line argument: -javaagent:C:\Program Files\JetBrains\IntelliJ IDEA 2026.1.1\lib\idea_rt.jar=59538
12-Jun-2026 10:40:50.113 INFO [main] org.apache.catalina.startup.VersionLoggerListener.log Command line argument: -Dfile.encoding=UTF-8
12-Jun-2026 10:40:50.114 INFO [main] org.apache.catalina.startup.VersionLoggerListener.log Command line argument: -Dsun.stdout.encoding=UTF-8
12-Jun-2026 10:40:50.114 INFO [main] org.apache.catalina.startup.VersionLoggerListener.log Command line argument: -Dsun.stderr.encoding=UTF-8
12-Jun-2026 10:40:50.121 INFO [main] org.apache.catalina.core.AprLifecycleListener.lifecycleEvent Loaded Apache Tomcat Native library [1.3.7] using APR version [1.7.6].
12-Jun-2026 10:40:50.121 INFO [main] org.apache.catalina.core.AprLifecycleListener.lifecycleEvent APR capabilities: IPv6 [true], sendfile [true], accept filters [false], random [true], UDS [true].
12-Jun-2026 10:40:50.121 INFO [main] org.apache.catalina.core.AprLifecycleListener.lifecycleEvent APR/OpenSSL configuration: useAprConnector [false], useOpenSSL [true]
12-Jun-2026 10:40:50.133 INFO [main] org.apache.catalina.core.AprLifecycleListener.initializeSSL OpenSSL successfully initialized [OpenSSL 3.0.19 27 Jan 2026]
12-Jun-2026 10:40:50.954 INFO [main] org.apache.coyote.AbstractProtocol.init Initializing ProtocolHandler ["http-nio-8080"]
12-Jun-2026 10:40:50.998 INFO [main] org.apache.catalina.startup.Catalina.load Server initialization in [1352] milliseconds
12-Jun-2026 10:40:51.087 INFO [main] org.apache.catalina.core.StandardService.startInternal Starting service [Catalina]
12-Jun-2026 10:40:51.088 INFO [main] org.apache.catalina.core.StandardEngine.startInternal Starting Servlet engine: [Apache Tomcat/9.0.118]
12-Jun-2026 10:40:51.106 INFO [main] org.apache.catalina.startup.HostConfig.deployDescriptor Deploying deployment descriptor [D:\Classic\VD\jav101-lab6-LQBAOBAO-cyber\.tomcat\conf\Catalina\localhost\jav101-lab6-LQBAOBAO-cyber.xml]
12-Jun-2026 10:40:52.909 INFO [main] org.apache.jasper.servlet.TldScanner.scanJars At least one JAR was scanned for TLDs yet contained no TLDs. Enable debug logging for this logger for a complete list of JARs that were scanned but no TLDs were found in them. Skipping unneeded JARs during scanning can improve startup time and JSP compilation time.
12-Jun-2026 10:40:53.066 INFO [main] org.apache.catalina.startup.HostConfig.deployDescriptor Deployment of deployment descriptor [D:\Classic\VD\jav101-lab6-LQBAOBAO-cyber\.tomcat\conf\Catalina\localhost\jav101-lab6-LQBAOBAO-cyber.xml] has finished in [1,960] ms
12-Jun-2026 10:40:53.074 INFO [main] org.apache.coyote.AbstractProtocol.start Starting ProtocolHandler ["http-nio-8080"]
12-Jun-2026 10:40:53.115 INFO [main] org.apache.catalina.startup.Catalina.start Server startup in [2114] milliseconds
12-Jun-2026 10:42:11.421 INFO [Thread-1] org.apache.coyote.AbstractProtocol.pause Pausing ProtocolHandler ["http-nio-8080"]
12-Jun-2026 10:42:11.428 INFO [Thread-1] org.apache.catalina.core.StandardService.stopInternal Stopping service [Catalina]
12-Jun-2026 10:42:11.438 WARNING [Thread-1] org.apache.catalina.loader.WebappClassLoaderBase.clearReferencesJdbc The web application [jav101-lab6-LQBAOBAO-cyber] registered the JDBC driver [com.microsoft.sqlserver.jdbc.SQLServerDriver] but failed to unregister it when the web application was stopped. To prevent a memory leak, the JDBC Driver has been forcibly unregistered.
12-Jun-2026 10:42:11.441 SEVERE [Thread-1] org.apache.catalina.loader.WebappClassLoaderBase.checkThreadLocalMapForLeaks The web application [jav101-lab6-LQBAOBAO-cyber] created a ThreadLocal with key of type [com.microsoft.sqlserver.jdbc.ActivityCorrelator$1] (value [com.microsoft.sqlserver.jdbc.ActivityCorrelator$1@15b1247e]) and a value of type [com.microsoft.sqlserver.jdbc.ActivityId] (value [16a28be5-7b4c-43f3-b2e8-cef223b6f024-1]) but failed to remove it when the web application was stopped. Threads are going to be renewed over time to try and avoid a probable memory leak.
12-Jun-2026 10:42:11.442 SEVERE [Thread-1] org.apache.catalina.loader.WebappClassLoaderBase.checkThreadLocalMapForLeaks The web application [jav101-lab6-LQBAOBAO-cyber] created a ThreadLocal with key of type [com.microsoft.sqlserver.jdbc.ActivityCorrelator$1] (value [com.microsoft.sqlserver.jdbc.ActivityCorrelator$1@15b1247e]) and a value of type [com.microsoft.sqlserver.jdbc.ActivityId] (value [d36fb504-5571-43df-a800-a84dcaa8ba35-1]) but failed to remove it when the web application was stopped. Threads are going to be renewed over time to try and avoid a probable memory leak.
12-Jun-2026 10:42:11.443 SEVERE [Thread-1] org.apache.catalina.loader.WebappClassLoaderBase.checkThreadLocalMapForLeaks The web application [jav101-lab6-LQBAOBAO-cyber] created a ThreadLocal with key of type [com.microsoft.sqlserver.jdbc.ActivityCorrelator$1] (value [com.microsoft.sqlserver.jdbc.ActivityCorrelator$1@15b1247e]) and a value of type [com.microsoft.sqlserver.jdbc.ActivityId] (value [502940d3-ce3f-406d-a914-99d797488ba1-1]) but failed to remove it when the web application was stopped. Threads are going to be renewed over time to try and avoid a probable memory leak.
12-Jun-2026 10:42:11.447 INFO [Thread-1] org.apache.coyote.AbstractProtocol.stop Stopping ProtocolHandler ["http-nio-8080"]
12-Jun-2026 10:42:11.465 INFO [Thread-1] org.apache.coyote.AbstractProtocol.destroy Destroying ProtocolHandler ["http-nio-8080"]
12-Jun-2026 10:42:43.547 INFO [main] org.apache.catalina.startup.VersionLoggerListener.log Server version name:   Apache Tomcat/9.0.118
12-Jun-2026 10:42:43.555 INFO [main] org.apache.catalina.startup.VersionLoggerListener.log Server built:          May 1 2026 19:30:30 UTC
12-Jun-2026 10:42:43.555 INFO [main] org.apache.catalina.startup.VersionLoggerListener.log Server version number: 9.0.118.0
12-Jun-2026 10:42:43.556 INFO [main] org.apache.catalina.startup.VersionLoggerListener.log OS Name:               Windows 10
12-Jun-2026 10:42:43.556 INFO [main] org.apache.catalina.startup.VersionLoggerListener.log OS Version:            10.0
12-Jun-2026 10:42:43.556 INFO [main] org.apache.catalina.startup.VersionLoggerListener.log Architecture:          amd64
12-Jun-2026 10:42:43.556 INFO [main] org.apache.catalina.startup.VersionLoggerListener.log Java Home:             D:\JDKLibrary\jdk-21
12-Jun-2026 10:42:43.556 INFO [main] org.apache.catalina.startup.VersionLoggerListener.log JVM Version:           21+35-2513
12-Jun-2026 10:42:43.557 INFO [main] org.apache.catalina.startup.VersionLoggerListener.log JVM Vendor:            Oracle Corporation
12-Jun-2026 10:42:43.557 INFO [main] org.apache.catalina.startup.VersionLoggerListener.log CATALINA_BASE:         D:\Classic\VD\jav101-lab6-LQBAOBAO-cyber\.tomcat
12-Jun-2026 10:42:43.557 INFO [main] org.apache.catalina.startup.VersionLoggerListener.log CATALINA_HOME:         D:\apache-tomcat-9.0.118-windows-x64\apache-tomcat-9.0.118
12-Jun-2026 10:42:43.572 INFO [main] org.apache.catalina.startup.VersionLoggerListener.log Command line argument: --add-opens=java.base/java.lang=ALL-UNNAMED
12-Jun-2026 10:42:43.573 INFO [main] org.apache.catalina.startup.VersionLoggerListener.log Command line argument: --add-opens=java.base/java.io=ALL-UNNAMED
12-Jun-2026 10:42:43.573 INFO [main] org.apache.catalina.startup.VersionLoggerListener.log Command line argument: --add-opens=java.base/java.util=ALL-UNNAMED
12-Jun-2026 10:42:43.573 INFO [main] org.apache.catalina.startup.VersionLoggerListener.log Command line argument: --add-opens=java.base/java.util.concurrent=ALL-UNNAMED
12-Jun-2026 10:42:43.573 INFO [main] org.apache.catalina.startup.VersionLoggerListener.log Command line argument: --add-opens=java.rmi/sun.rmi.transport=ALL-UNNAMED
12-Jun-2026 10:42:43.573 INFO [main] org.apache.catalina.startup.VersionLoggerListener.log Command line argument: -Dcatalina.home=D:\apache-tomcat-9.0.118-windows-x64\apache-tomcat-9.0.118
12-Jun-2026 10:42:43.573 INFO [main] org.apache.catalina.startup.VersionLoggerListener.log Command line argument: -Dcatalina.base=D:\Classic\VD\jav101-lab6-LQBAOBAO-cyber\.tomcat
12-Jun-2026 10:42:43.574 INFO [main] org.apache.catalina.startup.VersionLoggerListener.log Command line argument: -Djava.io.tmpdir=D:\Classic\VD\jav101-lab6-LQBAOBAO-cyber\.tomcat\temp
12-Jun-2026 10:42:43.574 INFO [main] org.apache.catalina.startup.VersionLoggerListener.log Command line argument: -Djava.util.logging.config.file=D:\Classic\VD\jav101-lab6-LQBAOBAO-cyber\.tomcat\conf\logging.properties
12-Jun-2026 10:42:43.574 INFO [main] org.apache.catalina.startup.VersionLoggerListener.log Command line argument: -Djava.util.logging.manager=org.apache.juli.ClassLoaderLogManager
12-Jun-2026 10:42:43.574 INFO [main] org.apache.catalina.startup.VersionLoggerListener.log Command line argument: -javaagent:C:\Program Files\JetBrains\IntelliJ IDEA 2026.1.1\lib\idea_rt.jar=59601
12-Jun-2026 10:42:43.574 INFO [main] org.apache.catalina.startup.VersionLoggerListener.log Command line argument: -Dfile.encoding=UTF-8
12-Jun-2026 10:42:43.575 INFO [main] org.apache.catalina.startup.VersionLoggerListener.log Command line argument: -Dsun.stdout.encoding=UTF-8
12-Jun-2026 10:42:43.575 INFO [main] org.apache.catalina.startup.VersionLoggerListener.log Command line argument: -Dsun.stderr.encoding=UTF-8
12-Jun-2026 10:42:43.582 INFO [main] org.apache.catalina.core.AprLifecycleListener.lifecycleEvent Loaded Apache Tomcat Native library [1.3.7] using APR version [1.7.6].
12-Jun-2026 10:42:43.582 INFO [main] org.apache.catalina.core.AprLifecycleListener.lifecycleEvent APR capabilities: IPv6 [true], sendfile [true], accept filters [false], random [true], UDS [true].
12-Jun-2026 10:42:43.582 INFO [main] org.apache.catalina.core.AprLifecycleListener.lifecycleEvent APR/OpenSSL configuration: useAprConnector [false], useOpenSSL [true]
12-Jun-2026 10:42:43.593 INFO [main] org.apache.catalina.core.AprLifecycleListener.initializeSSL OpenSSL successfully initialized [OpenSSL 3.0.19 27 Jan 2026]
12-Jun-2026 10:42:44.480 INFO [main] org.apache.coyote.AbstractProtocol.init Initializing ProtocolHandler ["http-nio-8080"]
12-Jun-2026 10:42:44.588 INFO [main] org.apache.catalina.startup.Catalina.load Server initialization in [1594] milliseconds
12-Jun-2026 10:42:44.717 INFO [main] org.apache.catalina.core.StandardService.startInternal Starting service [Catalina]
12-Jun-2026 10:42:44.717 INFO [main] org.apache.catalina.core.StandardEngine.startInternal Starting Servlet engine: [Apache Tomcat/9.0.118]
12-Jun-2026 10:42:44.737 INFO [main] org.apache.catalina.startup.HostConfig.deployDescriptor Deploying deployment descriptor [D:\Classic\VD\jav101-lab6-LQBAOBAO-cyber\.tomcat\conf\Catalina\localhost\jav101-lab6-LQBAOBAO-cyber.xml]
12-Jun-2026 10:42:46.685 INFO [main] org.apache.jasper.servlet.TldScanner.scanJars At least one JAR was scanned for TLDs yet contained no TLDs. Enable debug logging for this logger for a complete list of JARs that were scanned but no TLDs were found in them. Skipping unneeded JARs during scanning can improve startup time and JSP compilation time.
12-Jun-2026 10:42:46.844 INFO [main] org.apache.catalina.startup.HostConfig.deployDescriptor Deployment of deployment descriptor [D:\Classic\VD\jav101-lab6-LQBAOBAO-cyber\.tomcat\conf\Catalina\localhost\jav101-lab6-LQBAOBAO-cyber.xml] has finished in [2,106] ms
12-Jun-2026 10:42:46.851 INFO [main] org.apache.coyote.AbstractProtocol.start Starting ProtocolHandler ["http-nio-8080"]
12-Jun-2026 10:42:46.895 INFO [main] org.apache.catalina.startup.Catalina.start Server startup in [2300] milliseconds
12-Jun-2026 10:43:17.751 INFO [Thread-1] org.apache.coyote.AbstractProtocol.pause Pausing ProtocolHandler ["http-nio-8080"]
12-Jun-2026 10:43:17.763 INFO [Thread-1] org.apache.catalina.core.StandardService.stopInternal Stopping service [Catalina]
12-Jun-2026 10:43:17.796 WARNING [Thread-1] org.apache.catalina.loader.WebappClassLoaderBase.clearReferencesJdbc The web application [jav101-lab6-LQBAOBAO-cyber] registered the JDBC driver [com.microsoft.sqlserver.jdbc.SQLServerDriver] but failed to unregister it when the web application was stopped. To prevent a memory leak, the JDBC Driver has been forcibly unregistered.
12-Jun-2026 10:43:17.807 SEVERE [Thread-1] org.apache.catalina.loader.WebappClassLoaderBase.checkThreadLocalMapForLeaks The web application [jav101-lab6-LQBAOBAO-cyber] created a ThreadLocal with key of type [com.microsoft.sqlserver.jdbc.ActivityCorrelator$1] (value [com.microsoft.sqlserver.jdbc.ActivityCorrelator$1@4116a33a]) and a value of type [com.microsoft.sqlserver.jdbc.ActivityId] (value [5ae82424-69bd-4c3c-b352-9f37e3f5ba49-1]) but failed to remove it when the web application was stopped. Threads are going to be renewed over time to try and avoid a probable memory leak.
12-Jun-2026 10:43:17.810 SEVERE [Thread-1] org.apache.catalina.loader.WebappClassLoaderBase.checkThreadLocalMapForLeaks The web application [jav101-lab6-LQBAOBAO-cyber] created a ThreadLocal with key of type [com.microsoft.sqlserver.jdbc.ActivityCorrelator$1] (value [com.microsoft.sqlserver.jdbc.ActivityCorrelator$1@4116a33a]) and a value of type [com.microsoft.sqlserver.jdbc.ActivityId] (value [54a14516-2bba-4957-87ee-a4cbc5d063ed-1]) but failed to remove it when the web application was stopped. Threads are going to be renewed over time to try and avoid a probable memory leak.
12-Jun-2026 10:43:17.813 SEVERE [Thread-1] org.apache.catalina.loader.WebappClassLoaderBase.checkThreadLocalMapForLeaks The web application [jav101-lab6-LQBAOBAO-cyber] created a ThreadLocal with key of type [com.microsoft.sqlserver.jdbc.ActivityCorrelator$1] (value [com.microsoft.sqlserver.jdbc.ActivityCorrelator$1@4116a33a]) and a value of type [com.microsoft.sqlserver.jdbc.ActivityId] (value [1dc842d2-2104-4b57-a587-19565c0118dc-1]) but failed to remove it when the web application was stopped. Threads are going to be renewed over time to try and avoid a probable memory leak.
12-Jun-2026 10:43:17.816 SEVERE [Thread-1] org.apache.catalina.loader.WebappClassLoaderBase.checkThreadLocalMapForLeaks The web application [jav101-lab6-LQBAOBAO-cyber] created a ThreadLocal with key of type [com.microsoft.sqlserver.jdbc.ActivityCorrelator$1] (value [com.microsoft.sqlserver.jdbc.ActivityCorrelator$1@4116a33a]) and a value of type [com.microsoft.sqlserver.jdbc.ActivityId] (value [d17e1960-6971-438a-8796-44828fa7a3d2-1]) but failed to remove it when the web application was stopped. Threads are going to be renewed over time to try and avoid a probable memory leak.
12-Jun-2026 10:43:17.819 SEVERE [Thread-1] org.apache.catalina.loader.WebappClassLoaderBase.checkThreadLocalMapForLeaks The web application [jav101-lab6-LQBAOBAO-cyber] created a ThreadLocal with key of type [com.microsoft.sqlserver.jdbc.ActivityCorrelator$1] (value [com.microsoft.sqlserver.jdbc.ActivityCorrelator$1@4116a33a]) and a value of type [com.microsoft.sqlserver.jdbc.ActivityId] (value [fda42d07-ce21-4618-b377-41a393f84fbe-1]) but failed to remove it when the web application was stopped. Threads are going to be renewed over time to try and avoid a probable memory leak.
12-Jun-2026 10:43:17.821 SEVERE [Thread-1] org.apache.catalina.loader.WebappClassLoaderBase.checkThreadLocalMapForLeaks The web application [jav101-lab6-LQBAOBAO-cyber] created a ThreadLocal with key of type [com.microsoft.sqlserver.jdbc.ActivityCorrelator$1] (value [com.microsoft.sqlserver.jdbc.ActivityCorrelator$1@4116a33a]) and a value of type [com.microsoft.sqlserver.jdbc.ActivityId] (value [39dce11d-ad7b-457a-b70b-5e47d9761158-1]) but failed to remove it when the web application was stopped. Threads are going to be renewed over time to try and avoid a probable memory leak.
12-Jun-2026 10:43:17.822 SEVERE [Thread-1] org.apache.catalina.loader.WebappClassLoaderBase.checkThreadLocalMapForLeaks The web application [jav101-lab6-LQBAOBAO-cyber] created a ThreadLocal with key of type [com.microsoft.sqlserver.jdbc.ActivityCorrelator$1] (value [com.microsoft.sqlserver.jdbc.ActivityCorrelator$1@4116a33a]) and a value of type [com.microsoft.sqlserver.jdbc.ActivityId] (value [4932769f-6fc8-4dac-acd5-ad5507feee12-1]) but failed to remove it when the web application was stopped. Threads are going to be renewed over time to try and avoid a probable memory leak.
12-Jun-2026 10:43:17.830 INFO [Thread-1] org.apache.coyote.AbstractProtocol.stop Stopping ProtocolHandler ["http-nio-8080"]
12-Jun-2026 10:43:17.846 INFO [Thread-1] org.apache.coyote.AbstractProtocol.destroy Destroying ProtocolHandler ["http-nio-8080"]
